leiden_r06,x_aligned,y_aligned,CD274
CAF,170.1307373046875,122.78323364257812,0.0
CAF,145.9984130859375,78.1424560546875,0.0
CAF,150.633544921875,101.58023071289062,0.0
CAF,159.9027099609375,134.2550048828125,0.0
CAF,156.9593505859375,79.88528442382812,0.0
CAF,152.79876708984375,91.52389526367188,0.0
CAF,149.06719970703125,37.476226806640625,0.0
CAF,159.50341796875,31.7763671875,0.0
CAF,152.0303955078125,39.843170166015625,0.0
CAF,155.15057373046875,66.69009399414062,0.0
CAF,171.10400390625,58.6243896484375,0.0
CAF,163.85504150390625,51.826141357421875,0.0
CAF,161.77996826171875,47.4591064453125,0.0
CAF,174.81427001953125,32.230987548828125,0.0
CAF,174.55364990234375,25.52154541015625,0.0
CAF,109.95758056640625,168.07489013671875,0.0
CAF,156.1329345703125,19.81195068359375,0.0
CAF,153.40338134765625,30.197021484375,0.0
CAF,159.38818359375,28.331329345703125,0.0
CAF,167.0946044921875,27.187774658203125,0.0
CAF,163.90362548828125,25.25054931640625,0.0
CAF,160.4176025390625,9.610015869140625,0.0
CAF,144.751220703125,70.13522338867188,0.0
CAF,145.74346923828125,53.629119873046875,0.0
CAF,157.21826171875,53.577392578125,0.0
CAF,158.21282958984375,64.70211791992188,0.0
CAF,154.648193359375,53.344818115234375,0.0
CAF,147.467041015625,67.7457275390625,0.0
CAF,151.00518798828125,65.48959350585938,0.0
CAF,138.25115966796875,54.494110107421875,0.0
CAF,140.95611572265625,74.11865234375,0.0
CAF,170.2457275390625,50.50244140625,0.0
CAF,173.84552001953125,50.40411376953125,0.0
CAF,174.42327880859375,39.104644775390625,0.0
CAF,168.26165771484375,33.18414306640625,0.0
CAF,160.9228515625,61.9566650390625,0.0
CAF,164.72296142578125,60.58087158203125,0.0
CAF,126.06964111328125,101.74053955078125,2.04387
CAF,127.5631103515625,118.42547607421875,2.3433619
CAF,130.019287109375,78.9974365234375,0.0
CAF,171.0361328125,141.559814453125,0.0
CAF,128.620849609375,126.70254516601562,2.1031163
CAF,152.8658447265625,129.6536865234375,0.0
CAF,149.14788818359375,128.77883911132812,0.0
CAF,151.1207275390625,109.0107421875,0.0
CAF,134.5836181640625,125.9000244140625,0.0
CAF,133.74761962890625,122.69119262695312,0.0
CAF,143.3958740234375,117.79238891601562,0.0
CAF,137.93145751953125,85.26754760742188,0.0
CAF,153.036376953125,74.10870361328125,0.0
CAF,152.85028076171875,81.61386108398432,0.0
CAF,152.7789306640625,93.72442626953125,0.0
CAF,167.8170166015625,120.17886352539062,0.0
CAF,149.78466796875,99.39501953125,0.0
CAF,146.90411376953125,95.92849731445312,0.0
CAF,153.3245849609375,98.36334228515625,0.0
CAF,150.81494140625,106.041748046875,0.0
CAF,135.29315185546875,100.82534790039062,0.0
CAF,139.07470703125,96.48028564453125,0.0
CAF,144.20416259765625,98.29147338867188,0.0
CAF,144.43170166015625,102.67236328125,0.0
CAF,139.7357177734375,100.42803955078125,2.3408122
CAF,161.25569577468502,2.7759383071692127,0.0
CAF,145.92652807264994,41.67705950212019,0.0
CAF,151.00015468274648,87.86153801586909,0.0
CAF,5.443965329958246,164.99669970722027,0.0
CAF,110.2942090666537,97.90803276162399,0.0
CAF,107.17710232249021,105.57740514997641,0.0
CAF,99.15430241483261,89.90860983989103,0.0
CAF,1.6034787111900641,97.85630699726732,0.0
CAF,5.380192529910573,154.75920526597008,0.0
CAF,1.846937191732195,112.18647904518099,0.0
CAF,144.98714612292088,52.731202733187445,0.0
CAF,160.56984337237213,35.61740054945602,2.200788
CAF,141.101092707117,9.361874244935223,2.412569
CAF,148.72018146964467,30.282699059403797,0.0
CAF,166.41092670988007,8.835629130298173,0.0
CAF,7.850249162645014,145.5481628842591,2.766516
CAF,105.99735332730404,82.50286993629362,0.0
CAF,101.49085367055545,74.777118695725,0.0
CAF,100.11988188662019,65.33415494172652,0.0
CAF,82.85373888118545,62.76953863995573,0.0
CAF,86.80371648174503,81.56696186722701,0.0
CAF,111.48681779438346,123.48653478257933,0.0
CAF,101.99327561276095,86.84923644269708,0.0
CAF,114.28357856169544,97.47768587554458,0.0
CAF,89.82953027951328,105.68203588588688,0.0
CAF,164.12720074954905,96.67658987254578,0.0
Tumour epithelial,118.6072998046875,159.75439453125,0.0
Tumour epithelial (proliferative),119.41705322265625,1.128997802734375,0.0
Tumour epithelial,106.64892578125,152.53631591796875,0.0
Tumour epithelial,99.2083740234375,154.55718994140625,0.0
Tumour epithelial,174.8323974609375,139.41204833984375,0.0
Tumour epithelial,170.8116455078125,170.9998779296875,2.7097318
Tumour epithelial,173.56707763671875,126.63632202148432,0.0
Tumour epithelial,136.56903076171875,129.43865966796875,0.0
Tumour epithelial (proliferative),132.07421875,90.01553344726562,0.0
Tumour epithelial,162.44696044921875,135.79510498046875,0.0
Tumour epithelial,161.78558349609375,147.26611328125,0.0
Tumour epithelial,126.4761962890625,30.877166748046875,0.0
Tumour epithelial,150.909912109375,35.977783203125,0.0
Tumour epithelial,145.10418701171875,20.6356201171875,2.9574163
Tumour epithelial,154.9832763671875,34.120574951171875,0.0
Tumour epithelial,163.19927978515625,3.696533203125,0.0
Tumour epithelial,136.89190673828125,5.220245361328125,0.0
Tumour epithelial,154.08978271484375,71.36520385742188,0.0
Tumour epithelial,133.576904296875,47.2149658203125,0.0
Tumour epithelial (proliferative),170.50579833984375,25.748046875,0.0
Tumour epithelial,138.7425537109375,151.8228759765625,2.357095
Tumour epithelial,138.6800537109375,157.1131591796875,0.0
Tumour epithelial,144.48919677734375,158.74114990234375,0.0
Tumour epithelial,163.820556640625,173.029296875,0.0
Tumour epithelial,147.75970458984375,170.33404541015625,0.0
Tumour epithelial,147.5667724609375,153.13385009765625,0.0
Tumour epithelial,154.00653076171875,164.95294189453125,0.0
Tumour epithelial,97.03179931640625,172.781982421875,0.0
Tumour epithelial,103.21136474609375,166.86956787109375,0.0
Tumour epithelial,116.1611328125,171.87701416015625,0.0
Tumour epithelial,137.047607421875,170.54669189453125,0.0
Tumour epithelial,127.26995849609375,172.38287353515625,0.0
Tumour epithelial,124.7181396484375,166.526123046875,3.599698
Tumour epithelial,123.1859130859375,155.69561767578125,0.0
Tumour epithelial,121.79132080078125,155.08453369140625,0.0
Tumour epithelial,126.95843505859375,158.65838623046875,0.0
Tumour epithelial,131.01690673828125,153.2896728515625,2.4860075
Tumour epithelial,105.308349609375,162.16943359375,0.0
Tumour epithelial,169.589111328125,167.0535888671875,0.0
Tumour epithelial (proliferative),156.25994873046875,3.309814453125,0.0
Tumour epithelial,155.99627685546875,5.4888916015625,0.0
Tumour epithelial (proliferative),147.20001220703125,2.223968505859375,2.9020646
Tumour epithelial (proliferative),174.47979736328125,8.089111328125,0.0
Tumour epithelial,142.1273193359375,18.0047607421875,0.0
Tumour epithelial,152.8116455078125,26.1258544921875,0.0
Tumour epithelial,151.399169921875,34.832000732421875,0.0
Tumour epithelial,149.68157958984375,33.63641357421875,0.0
Tumour epithelial,144.6143798828125,7.99005126953125,0.0
Tumour epithelial,144.27178955078125,15.387420654296875,0.0
Tumour epithelial (proliferative),167.27862548828125,22.418121337890625,0.0
Tumour epithelial (proliferative),166.1297607421875,11.140380859375,0.0
Tumour epithelial (proliferative),172.397705078125,16.99066162109375,0.0
Tumour epithelial (proliferative),159.34954833984375,12.61859130859375,0.0
Tumour epithelial,161.0523681640625,26.295074462890625,0.0
Tumour epithelial,123.93212890625,18.696197509765625,0.0
Tumour epithelial,128.08306884765625,26.95538330078125,0.0
Tumour epithelial,131.2659912109375,30.03741455078125,0.0
Tumour epithelial,133.622314453125,26.83392333984375,0.0
Tumour epithelial,128.909423828125,22.52581787109375,0.0
Tumour epithelial,139.72503662109375,16.852752685546875,0.0
Tumour epithelial,136.5660400390625,10.676300048828125,0.0
Tumour epithelial,152.41705322265625,43.222442626953125,0.0
Tumour epithelial,141.2188720703125,60.436553955078125,0.0
Tumour epithelial,141.18267822265625,54.20965576171875,0.0
Tumour epithelial,153.40045166015625,46.91204833984375,0.0
Tumour epithelial,139.69482421875,41.1678466796875,0.0
Tumour epithelial,132.36199951171875,56.3907470703125,0.0
Tumour epithelial,142.0242919921875,64.6942138671875,0.0
Tumour epithelial,133.7210693359375,58.5177001953125,0.0
Tumour epithelial,156.6275634765625,45.05792236328125,0.0
Tumour epithelial,162.96307373046875,58.137237548828125,0.0
Tumour epithelial,164.5081787109375,58.327880859375,0.0
Tumour epithelial,113.5445556640625,130.74139404296875,0.0
Tumour epithelial,120.89898681640625,123.47457885742188,0.0
Tumour epithelial,127.0296630859375,136.710205078125,0.0
Tumour epithelial,121.84320068359375,138.30615234375,0.0
Tumour epithelial,118.51263427734375,138.5394287109375,0.0
Tumour epithelial,118.59002685546875,120.31893920898432,0.0
Tumour epithelial,125.815673828125,93.91015625,0.0
Tumour epithelial,121.0262451171875,104.52230834960932,0.0
Tumour epithelial,129.30181884765625,74.60275268554688,0.0
Tumour epithelial,157.70001220703125,136.16729736328125,0.0
Tumour epithelial,172.65057373046875,138.94873046875,0.0
Tumour epithelial,131.63092041015625,141.4854736328125,0.0
Tumour epithelial,144.1358642578125,142.8724365234375,0.0
Tumour epithelial,149.8431396484375,143.496826171875,0.0
Tumour epithelial,149.521728515625,136.77880859375,0.0
Tumour epithelial,139.23126220703125,114.50274658203125,3.0874224
Tumour epithelial,145.60552978515625,81.5614013671875,0.0
Tumour epithelial,157.837646484375,91.565673828125,0.0
Tumour epithelial,150.81103515625,95.25836181640625,0.0
Tumour epithelial,132.10589599609375,111.10824584960932,0.0
Tumour epithelial,139.63580322265625,103.76708984375,0.0
Tumour epithelial,34.44927978515625,3.862030029296875,0.0
Tumour epithelial,85.18267822265625,170.3013916015625,0.0
Tumour epithelial (proliferative),173.1921170501911,6.644311582630053,2.577596
Tumour epithelial (proliferative),148.66371497365026,2.4896459219472717,0.0
Tumour epithelial,169.92303599466925,1.3397914227353453,0.0
Tumour epithelial,5.8117504936520845,55.721990890149925,0.0
Tumour epithelial (proliferative),9.313199107968558,42.36667261927829,0.0
Tumour epithelial (proliferative),133.31032571837375,40.334452431849286,0.0
Tumour epithelial,137.34570022934201,53.965609575491214,0.0
Tumour epithelial,80.97154890676234,53.422313762190754,0.0
Tumour epithelial (proliferative),137.65317053841795,29.276899061049278,0.0
Tumour epithelial,80.06335220683195,20.43265385862361,0.0
Tumour epithelial (proliferative),135.79305086086276,7.445758160741548,0.0
Tumour epithelial (proliferative),139.47453573078633,4.5324789741519,2.9470954
Tumour epithelial,167.5411091646995,15.91632216348711,0.0
Tumour epithelial (proliferative),174.9573742892942,38.16056802842212,0.0
Tumour epithelial (proliferative),151.93204707324946,23.69453218910246,0.0
Tumour epithelial (proliferative),155.56935947897205,14.0524736415515,3.6790826
Tumour epithelial (proliferative),135.7063153909328,18.407891359955784,0.0
Tumour epithelial (proliferative),141.82512592625005,15.758913937882028,0.0
Tumour epithelial,143.77553463055915,81.55883489870507,0.0
Tumour epithelial,123.8098835811237,88.0315988159964,0.0
Tumour epithelial,116.68804577788899,62.02147509037002,0.0
Tumour epithelial,140.33146878809976,70.69840035264042,0.0
Tumour epithelial,167.88795543302524,103.7447578130716,0.0
Tumour epithelial,172.14533960173105,110.80690223575198,0.0
Tumour epithelial (proliferative),144.9650519232041,108.96568174381832,0.0
Tumour epithelial,152.27439163842325,103.9792606930074,0.0
Tumour epithelial,147.74308082483503,100.50531628980599,0.0
Tumour epithelial,149.5160427488014,95.91845525608602,0.0
Tumour epithelial,161.7403339975366,82.8391670807734,0.0
Tumour epithelial,168.9913188917227,89.89621222908698,0.0
Tumour epithelial (proliferative),156.82786836027435,49.802530112103625,0.0
Tumour epithelial,124.04668113452442,151.93701186775456,0.0
Tumour epithelial,149.30711591686077,123.72859096267058,0.0
Tumour epithelial,115.05646920335369,134.42234297787604,0.0
Tumour epithelial,139.9528795368417,142.86020788374526,0.0
Tumour epithelial,12.02459483533653,165.1513989433182,0.0
Tumour epithelial,7.728886432719037,171.95427713491972,0.0
Tumour epithelial,20.70523300675518,171.15502961887887,0.0
Tumour epithelial,26.887083321430055,160.98216848022605,0.0
Tumour epithelial,130.36304074585166,122.18140737890326,0.0
Tumour epithelial,117.58435479445234,118.520957015742,0.0
Tumour epithelial,122.53379017087275,126.60643019241212,0.0
Tumour epithelial,98.06163946468905,110.72203118801224,0.0
Tumour epithelial,106.91710307072128,130.46186405916762,0.0
Tumour epithelial,111.92994473684428,157.16427802099463,0.0
Tumour epithelial,109.45611145403211,154.8901928762631,0.0
Tumour epithelial (proliferative),111.22504973181867,93.01798799634253,0.0
Tumour epithelial,94.47221243231559,112.27428217568149,0.0
Tumour epithelial,89.83380092179527,70.24258896519262,2.5608974
Tumour epithelial,85.43532620545773,90.21644665931188,0.0
Tumour epithelial,84.20424982672466,76.41134051883802,0.0
Tumour epithelial (proliferative),0.20780731704144273,103.53721734634951,0.0
Tumour epithelial (proliferative),19.167036894059038,68.82875140611276,2.713668
Tumour epithelial (proliferative),5.606791534578065,68.16922400771779,0.0
Tumour epithelial (proliferative),18.152934639626324,109.36999046016308,0.0
Tumour epithelial,21.90910794378874,69.94925320725179,0.0
Tumour epithelial (proliferative),23.53725844335895,89.46172218258471,0.0
Tumour epithelial,30.872963000576874,89.94003411817528,0.0
Tumour epithelial,23.834004341032255,115.57026190348722,0.0
Tumour epithelial,43.88497262471469,121.71616233387721,0.0
Tumour epithelial,8.078059244974611,130.33355356791708,0.0
Tumour epithelial,6.322379080541282,125.34228820645802,0.0
Tumour epithelial,3.532980390596208,119.07770216518452,0.0
Tumour epithelial,12.473888712734492,137.60550126031967,0.0
Tumour epithelial,29.846988998009465,136.59613176990865,0.0
Tumour epithelial,3.0750018115425064,150.62248267696498,0.0
Tumour epithelial,16.625144233684523,145.5714601940217,0.0
Tumour epithelial,7.674802253967982,159.70123075932645,0.0
Tumour epithelial,69.29110323684529,10.32895162856795,0.0
Tumour epithelial,0.8672072335772327,35.04073635951892,0.0
Tumour epithelial,3.69653961590609,24.915680918053,0.0
Tumour epithelial (proliferative),12.213841655268197,40.5881094611247,0.0
Tumour epithelial (proliferative),3.7528228567277893,35.75355117504523,0.0
Tumour epithelial (proliferative),3.723629510978867,47.35213755614552,0.0
Tumour epithelial,0.06722669684620541,54.08741849192427,0.0
Tumour epithelial (proliferative),0.06639806476164267,91.81382622512598,0.0
Tumour epithelial (proliferative),5.8963665776734615,95.80592064490725,0.0
Tumour epithelial,2.960045045039692,142.89720949336822,0.0
Tumour epithelial (proliferative),153.45450714395486,40.71071513917758,0.0
Tumour epithelial,134.25314967830025,44.88963422356659,0.0
Tumour epithelial (proliferative),146.94792069590358,51.21365868167612,0.0
Tumour epithelial,151.58439607568778,55.30754736600147,0.0
Tumour epithelial (proliferative),171.7296929675366,44.54552881521295,0.0
Tumour epithelial (proliferative),163.52877699977557,44.89999212462385,0.0
Tumour epithelial (proliferative),160.6212344968484,18.58601538767539,0.0
Tumour epithelial (proliferative),170.06678772611133,27.552515693041244,0.0
Tumour epithelial (proliferative),158.3931224975786,27.550539724224222,0.0
Tumour epithelial (proliferative),167.15608207955358,14.359449958423056,0.0
Tumour epithelial (proliferative),172.46547842056134,13.81666407255932,0.0
Tumour epithelial (proliferative),155.9936987824383,39.72432425388109,0.0
Tumour epithelial (proliferative),142.43879172581,0.43460648172759875,0.0
Tumour epithelial (proliferative),144.50125698432612,13.62722602983871,0.0
Tumour epithelial (proliferative),148.659396525671,20.438741117398763,0.0
Tumour epithelial,139.7113173489547,41.91541870829565,0.0
Tumour epithelial,86.77568640796085,20.475838338416054,0.0
Tumour epithelial,134.15902026053857,0.3272030153802916,0.0
Tumour epithelial,120.99887671604995,57.825090991275204,0.0
Tumour epithelial,101.13764924450402,49.32565234742856,0.0
Tumour epithelial,97.64848669436458,56.34117028011889,0.0
Tumour epithelial (proliferative),91.379183824302,51.64932793537571,0.0
Tumour epithelial,89.89402016501879,27.453111713356577,0.0
Tumour epithelial,94.19517841711559,39.32291574983236,0.0
Tumour epithelial,98.85687130216604,40.59967843984401,0.0
Tumour epithelial (proliferative),141.37650132861256,33.01084271601968,0.0
Tumour epithelial (proliferative),168.5701188290384,7.427241420697726,0.0
Tumour epithelial (proliferative),150.89131704548356,1.7364512275301536,3.1515114
Tumour epithelial,83.95339739835094,23.75056046620591,0.0
Tumour epithelial,81.25127597623725,9.947748999197017,0.0
Tumour epithelial,34.29588278964718,91.57903651100702,0.0
Tumour epithelial,31.118524931795264,93.33787185145468,0.0
Tumour epithelial,26.683207958158732,151.93165762966953,0.0
Tumour epithelial,19.332508347256294,152.34100187945126,0.0
Tumour epithelial,11.941492598392756,146.72434238738902,0.0
Tumour epithelial,24.98637660696295,147.64539881986275,0.0
Tumour epithelial,11.954240784309263,120.91034950208922,0.0
Tumour epithelial,39.744568997026136,135.55100361800146,0.0
Tumour epithelial,36.355384094937676,146.04027473110443,0.0
Tumour epithelial,38.33267553629855,139.42221336482874,0.0
Tumour epithelial,39.860115367127605,123.90875470013702,0.0
Tumour epithelial,35.32204801500325,113.537340565833,0.0
Tumour epithelial,15.396282852254444,91.813348168154,0.0
Tumour epithelial (proliferative),8.86449483416925,91.45837493130642,0.0
Tumour epithelial (proliferative),6.959214708004765,91.3751930182006,0.0
Tumour epithelial (proliferative),16.142179210234417,82.74030489899019,0.0
Tumour epithelial,5.500089218456196,114.91490953597997,0.0
Tumour epithelial (proliferative),8.313645720713225,53.71574513152598,0.0
Tumour epithelial,12.406562355862434,46.4626647542799,0.0
Tumour epithelial,7.123953140511958,36.342007436955214,0.0
Tumour epithelial,10.889416685160995,97.85353426683048,0.0
Tumour epithelial,12.771574789119313,106.3908031523847,0.0
Tumour epithelial,18.46706587584356,96.56647741669121,0.0
Tumour epithelial,18.383756480878674,77.6049850366735,0.0
Tumour epithelial,8.66234047599687,65.71787533781594,0.0
Tumour epithelial,14.36705806227826,62.80443679890237,0.0
Tumour epithelial (proliferative),2.9738449562943288,65.9149622920865,0.0
Tumour epithelial,20.195289634859023,78.64185873819957,0.0
Tumour epithelial (proliferative),5.569471220307264,76.79866227744901,0.0
Tumour epithelial,3.823320324846577,70.33329230798921,0.0
Tumour epithelial,20.832874218245024,71.65802004751203,0.0
Tumour epithelial,151.02848752594605,70.63571114839561,0.0
Tumour epithelial,144.00392634887112,77.74693608685476,0.0
Tumour epithelial,108.437802298247,84.54031687994848,0.0
Tumour epithelial (proliferative),114.630090190141,76.27952427646039,0.0
Tumour epithelial (proliferative),111.76499914631597,80.1765490997688,0.0
Tumour epithelial (proliferative),120.43856207455087,85.4349208266454,0.0
Tumour epithelial,146.6981438957165,62.56891406409335,0.0
Tumour epithelial,150.07493915461725,68.58118163561261,0.0
Tumour epithelial,161.7732641552824,77.2537725146712,0.0
Tumour epithelial,155.09808294848415,70.69164381410462,0.0
Tumour epithelial,173.84028262788786,71.93726906001501,0.0
Tumour epithelial,111.08319429303174,68.27818912684,2.7215946
Tumour epithelial (proliferative),79.958546183365,61.10500800482606,0.0
Tumour epithelial (proliferative),86.21717244772242,56.19077355676791,0.0
Tumour epithelial (proliferative),0.230977144944859,57.293141063440544,0.0
Tumour epithelial,82.4433429060656,81.49388289145998,0.0
Tumour epithelial,79.95175777436452,73.73957571443827,0.0
Tumour epithelial,13.074519492194781,86.73536327199719,0.0
Tumour epithelial (proliferative),8.399472882396708,86.00218322946898,0.0
Tumour epithelial,79.96189258216816,83.39425496604667,0.0
Tumour epithelial,26.95101547380159,173.38908545983224,0.0
Tumour epithelial,32.265925405218354,165.69899726936546,2.6237786
Tumour epithelial,15.827171536235255,170.64153269015856,0.0
Tumour epithelial,14.09058178021212,158.36222505157696,0.0
Tumour epithelial,112.25483225492871,114.42410437819109,0.0
Tumour epithelial,112.38589954138365,120.51298854706903,0.0
Tumour epithelial,88.71384091855771,118.0308848786434,0.0
Tumour epithelial,84.96303778771266,116.58823641939199,0.0
Tumour epithelial,99.2731155075752,117.7621531195216,0.0
Tumour epithelial,107.37804560300049,133.1569580437947,0.0
Tumour epithelial,106.02342336750326,133.55259799371618,0.0
Tumour epithelial,103.61835061247871,128.8637514726634,0.0
Tumour epithelial,38.322078606755326,154.8564101835841,0.0
Tumour epithelial,71.16852857678202,138.66732953577764,0.0
Tumour epithelial,100.09401900444186,136.06204652093288,2.8607407
Tumour epithelial,134.6067524851618,150.67940332708258,0.0
Tumour epithelial,147.594341365653,141.1661014572892,0.0
Tumour epithelial,133.47351843333854,146.27898451239264,0.0
Tumour epithelial,127.89041854070149,143.78980560078332,0.0
Tumour epithelial,121.2765003348486,148.86986207715165,0.0
Tumour epithelial,111.7287624278481,151.3287959176738,0.0
Tumour epithelial,137.30398179093004,121.42575865869708,0.0
Tumour epithelial,127.31692546201111,128.68731657957773,0.0
Tumour epithelial,112.89547640293472,126.58718043167812,0.0
Tumour epithelial,132.9024953156695,117.92848507526833,0.0
Tumour epithelial,125.17876784961516,117.37467200858674,0.0
Tumour epithelial,140.20036963118002,128.5769491600048,0.0
Tumour epithelial,130.72754325167205,131.16948398893305,0.0
Tumour epithelial,128.1499716059633,109.81757926769473,0.0
Tumour epithelial (proliferative),103.87195983605704,107.74497920137497,0.0
Tumour epithelial,112.62647374486221,104.33050508547427,0.0
Tumour epithelial,119.1062491644077,109.6992761023887,0.0
Tumour epithelial,92.59215777903353,102.60714157233957,0.0
Tumour epithelial,126.10551316005433,93.87023609533162,0.0
Tumour epithelial,97.65658179242155,86.74189671727942,0.0
Tumour epithelial,115.89424811132744,87.95504595956726,0.0
Tumour epithelial,117.86240866452567,96.79648656109123,0.0
Tumour epithelial,128.43655082536827,100.84154969335623,0.0
Tumour epithelial,54.460931402050505,96.01868786785519,0.0
Tumour epithelial,169.49314326271315,87.21322902108068,0.0
Tumour epithelial,135.04602310138284,108.89180600643158,0.0
Tumour epithelial,129.90240098298796,92.42819317491131,0.0
Tumour epithelial,149.35922412679486,102.34048139342917,0.0
Tumour epithelial (proliferative),164.2446354446895,61.53175352838406,0.0
Tumour epithelial,150.64118170256756,128.66583588630817,0.0
Tumour epithelial,148.62569350915408,120.6799579121116,0.0
Tumour epithelial,158.8770914406697,170.8169477283708,0.0
Tumour epithelial,24.5274737844303,20.513158652686855,0.0
CD8 T cell,173.33819580078125,145.07940673828125,0.0
CD8 T cell,174.81494140625,0.64154052734375,0.0
CD8 T cell,114.74432373046875,114.86355590820312,0.0
CD8 T cell,122.53759765625,92.01171875,0.0
CD8 T cell,152.113037109375,115.263916015625,0.0
CD8 T cell,136.77484130859375,88.7882080078125,0.0
CD8 T cell,154.98175575199525,31.470670634506405,0.0
CD8 T cell,152.7952745473592,44.72355723153822,0.0
