,parameter_0,parameter_1,parameter_2,parameter_3,parameter_4,parameter_5,parameter_6,parameter_7,parameter_8,parameter_9,parameter_10,parameter_11,parameter_12,parameter_13,parameter_14,parameter_15,parameter_16,parameter_17,parameter_18
0,317.916675150056,0.009636237119413332,1.7150589503762135e-11,404.687696035033,2.3257246127095407e-05,2.4107876650342204e-09,0.11176179486922834,4.1813347854609925e-05,0.00016678457448388975,26.802071561626477,20.4546759471344,0.6999096252106455,0.00038942896901757477,4.6046957754920064e-10,0.9039176956147795,4.779537299208774e-07,60.37290024504358,2.3619299160073554e-07,3.1567162975119495e-08
1,29.53096393202423,0.004201009963313366,8.397014148115521e-11,202.66211373575396,0.0051869122493917305,8.318363116901866e-08,0.09199788118237798,1.6781004433118166e-05,0.0004002439672278254,89.80659683962844,69.89437918278912,4.890433276925933,7.78632330704341e-05,1.3359692591157628e-09,57.0811572804042,2.68403358258241e-07,2.655115003915666,2.5156468496711835e-07,1.7613506189651662e-08
2,12.842378721059383,0.03888880264487138,3.486189367212735e-11,91.91572448098566,0.00046880381528804547,4.5738027699146124e-09,0.09487441702251136,8.477850543232731e-07,0.00010500945010504868,1862.1333755161818,17.261234937991336,3.132700475238726,0.0016715620918869394,1.3086348409693228e-10,6.750853276281383,1.9931690022163913e-07,0.9477277322970364,2.540760754593527e-08,4.5760838760434234e-08
3,472.3360885306647,0.0054766546729694285,1.9923649719134915e-10,806.4847284041497,0.0001605977830246897,1.143501979215714e-08,0.034634871351485456,7.945568652540839e-07,0.0010329820181794109,406.5902300827627,75.96684716214219,11.804686640304533,0.00022359832779890302,2.2605648692431854e-09,1.5055101899713224,9.320336087709531e-07,0.6172647992819755,3.315911155694689e-07,6.298109269222931e-08
4,28.61132310911568,0.002779155306717995,3.6758847712164755e-10,174.9370612394498,0.0003636094182326419,4.1600161965377694e-08,1.273500279407147,1.696729351012801e-05,0.0002098108187293073,407.3907213017653,129.23319846897382,3.442179967357918,4.080609678336757e-05,1.0147691760495975e-08,88.55543663246381,5.130892834598004e-07,9.434782913000351,2.3333929194166954e-08,2.866627006870282e-09
5,47.79645687449076,0.0013712785172961064,1.5200159598219885e-10,50.292899954316866,0.0007674734180319644,6.053028542900494e-09,0.24784810645669164,1.4497475536485686e-05,0.0007440323374049726,21.22480135885656,9.390512136665304,1.742729785575607,5.440354494111784e-05,1.2928575075810984e-08,13.60877800851551,1.2438732441047307e-06,1.4533746331674455,2.775793922486139e-08,2.8717283796843147e-08
6,31.413421648726516,0.003494092253972893,9.087257153422535e-11,2003.3350004078306,7.669902173807086e-05,4.3945671620663717e-07,0.0620825791242901,1.0927356306397891e-05,0.0003395295078099847,233.88788437392077,10.128806500118944,0.8318599436147559,0.0007370361070427228,8.267051960997575e-11,6.28075568777152,1.4827660314285654e-07,1.019560587307611,4.152612454871919e-07,6.811503631431058e-09
7,120.95064077390613,0.0021761327509605584,1.0594686950699097e-10,1133.3228315781628,0.0033462987104043067,5.122214525310238e-08,0.12857781481061187,2.644420494396685e-06,7.355431052423519e-06,67.00543252229545,11.286502612302268,13.054400323216045,0.0007311208627064508,6.513927818974291e-10,70.84324789983458,9.268880080867196e-07,11.851858602378975,1.6193135383248837e-07,3.530569708631109e-08
8,27.97794989098397,0.0013317557335741843,1.4007642615315912e-10,72.4112063332407,0.0003907694117155073,1.4197292056172449e-08,0.01595001125961019,9.36764366558528e-06,3.27517439150467e-05,578.6658838495898,93.60415421232601,4.147926399506591,0.0004555160981625054,2.045240031514194e-09,161.90776449577737,2.755921847467157e-06,0.4137906090437302,2.058969376307084e-06,5.749682802085632e-09
9,260.26264666231253,0.008607203033501775,2.429964843052599e-09,458.8924636028585,0.0004974351429103187,7.992925591706143e-09,0.29464859194296245,1.059070331995122e-05,5.929320942725975e-05,629.8154084124118,1.7110323382668153,0.21612084311800298,0.0004859425187143539,1.4725007802461007e-09,3.1027586089475196,3.5082506109318486e-06,26.944381523063978,6.397401080778239e-08,7.653982078947416e-08
10,1327.8183059200646,0.004640040804163941,1.1584936695456187e-11,285.7072276465426,0.00043363358202181816,5.4804616568473513e-08,1.2371885576847828,1.3407003644960626e-05,3.0434669568479634e-05,241.8547243233812,22.147049573992877,0.21276499530162846,0.0005254791489322676,4.258233692764694e-09,86.19218121223416,4.225744015426856e-07,3.5928906017443603,7.191399929900065e-07,5.224954708470443e-09
11,150.18902821899616,0.004682502605200802,4.726848508763462e-11,807.5142166397278,0.000786068652307473,5.4773559157113934e-09,0.17677172646328285,2.884519464257754e-06,0.0003375676674674398,85.19759658941518,78.81900894268377,2.354785462167827,8.789250273076987e-05,1.4450015368238751e-08,2.6978455586707364,2.874117758693684e-07,16.553516977947925,1.189715121282829e-07,3.0318113804999526e-08
12,333.0271063713416,0.005669510043836654,2.1325445611569417e-11,1421.0074086477525,0.00031217946198663026,1.8042449094912743e-08,0.06533293985637183,1.291394247360395e-05,5.42249854892656e-05,1031.849666729291,10.318190923038395,16.796525283292482,0.00036944211553188483,2.993053375743148e-10,34.34885675900945,1.1070661206462503e-05,47.52526663769848,1.9519958837715815e-08,1.7772679318564513e-09
13,673.1447877908581,0.0007260972641469123,1.008002324457095e-09,156.83046608405752,0.0001337710994988342,2.560633208653452e-08,0.10177666782199994,2.935171522195599e-06,3.354201285210057e-05,1697.104935507172,140.20666783394685,5.238519529993012,0.005558609614706451,9.40531223394477e-08,34.470634597950784,9.752340789172962e-07,38.73359222086133,6.152434415419699e-07,1.2180481850283174e-07
14,412.25042008854007,0.0006436211026836034,1.648572320088608e-10,226.34947070170062,0.0006517940064292978,4.71478108806858e-10,0.02662534603739368,2.3307744949166263e-05,0.00013429049284340936,334.1374840046263,99.8321478298293,82.39691676710822,0.0043470712327880485,1.1415934209587812e-10,5.7777645349618165,9.628951656358548e-07,52.69094990826203,1.1465251972059846e-07,8.2032077078479e-08
15,290.9089155364565,0.027428381986648508,8.305666671705853e-10,193.01119870167867,0.00017297085406757422,5.668929037740446e-09,0.1234784031131389,5.199488956519814e-07,0.0002643070502288272,3302.2931136842526,98.57801298804195,0.13529761616582106,0.005473630521243363,1.108317959117172e-09,5.967257403490996,1.605006265939359e-07,14.242737417206829,2.3733197273088377e-08,4.335024106354061e-10
16,2727.029629730949,0.0036514624744779216,2.236843781696332e-11,709.7239808216046,0.0007270630084298604,1.5542921668527475e-07,0.3532310227864191,1.7206158363160273e-05,0.00036990351012389607,323.7105358970114,96.56510726296733,0.08967625191544863,0.00019727636512816859,4.094105083308956e-09,267.13475779628783,3.912693840950764e-07,0.7712706006214017,1.7545860791132128e-07,6.77695682594703e-09
17,457.4000359055308,0.005241844508562044,1.6507040680064373e-11,1125.1844258182098,0.0008989648832615745,8.801974433708625e-10,0.5321519555050359,2.3205083446514817e-05,1.2109407280006053e-06,168.21800062986327,153.75700351551583,0.9963591629368634,0.0007700499812899052,7.728005600648975e-10,16.07690419450762,9.135216818660139e-09,3.474744250608365,2.6200408259806013e-07,3.751767983063287e-08
18,588.4361554686973,0.008926626725447799,4.047005004969439e-11,578.5040810406006,0.000261331493355501,2.3548712498564765e-09,0.2918558855127967,5.106698460528806e-07,9.581278740552389e-05,584.6693753534407,44.00625882438972,6.0719418703058174,0.000341883119857187,2.1482113306929082e-10,4.0656346997464565,3.4145047455914736e-07,34.7919508101212,6.528504848461611e-07,4.539202386218066e-09
19,714.1107339615616,0.0010931082965896402,6.188748626714798e-10,554.7744152051189,0.0002689265472942059,3.1609350935386976e-09,0.17728184008934444,2.6251632285948005e-05,6.618231313536724e-05,200.73920012384087,174.699607972377,0.03985437476314803,0.0026728234373546707,3.26661298451668e-10,53.72577041432189,1.544138180158462e-06,9.518363742331358,1.3549077954594023e-07,3.912257574832362e-09
20,1103.9577118913996,0.003757754595255963,1.0781653992203128e-10,16.724663594725936,0.001145064226957983,4.2617337719703884e-09,0.051697214121106325,1.526013546972131e-05,0.0002323673359478016,1117.355109621489,20.571593240843196,1.0318923315529744,0.004719419722163466,7.145553812849635e-09,4.633320842228994,1.95738996056876e-06,12.373600758858789,1.1023740909035664e-07,4.1932546549367735e-09
21,462.988537310754,0.0006712761826732966,2.857805979334445e-11,1265.75156664808,4.754656766041972e-05,3.1613862469220333e-09,0.1838173291411522,1.2004820274543843e-05,0.00035290188189948944,20.739453883767755,112.35358720107989,5.696945844109893,0.000283782209496774,1.6380626009182824e-09,115.18261698784889,1.1823182583417308e-06,35.41809224851138,3.996786699946029e-07,1.9553368052279414e-08
22,63.45666498957228,0.0003821943433370056,4.9850867947167064e-12,553.3576210400311,3.0807722814069996e-05,3.368414395555406e-08,0.6247009306917675,3.834430989632519e-05,3.612480531962809e-05,248.771658307384,48.97059615806741,0.3308612974884042,3.808538810480063e-05,8.066625064979729e-10,62.60185617591739,2.0920453659252052e-07,4.70552708473244,4.872408077626667e-08,3.859512171963074e-08
23,11.055175686702059,0.001460023419160421,2.5379434562039522e-11,745.5791857989697,0.00018949024039751532,9.267921683377189e-08,0.6416620573764319,9.200854806222203e-06,4.3722402853618336e-05,573.0282495809531,3.758099269284566,20.829445975668083,7.889006199254013e-05,1.5269757712249187e-10,8.625108913920458,3.511185447630321e-07,1.7532836036124233,1.444145118813611e-06,3.623622115485298e-08
24,6984.513595652741,0.037144557555112236,3.5102684314012603e-11,1203.3345077173349,0.000748959086995638,2.2053579280822232e-07,0.026245758782422007,4.312478449472224e-05,0.0005104800233268927,137.76021169589663,17.706271975595723,4.939480295384545,0.0010219690829133803,8.556076808558924e-10,19.80033259703259,1.7052675047339772e-06,12.56427110970414,8.246433157424457e-08,7.623750716778588e-08
25,437.4885468054609,0.0008067000312544726,1.8271420563879374e-10,78.09637166153291,2.0395037549395624e-05,1.4421686245795459e-07,0.02890229224108598,3.5359014899116024e-05,2.3106429381449686e-05,1739.2665994717586,22.82650737967816,4.817578045760736,8.87224767772109e-05,1.5330550127267173e-09,48.940876123764156,7.890216839343202e-07,9.670070453211055,2.231269198520334e-07,4.9997008463655726e-09
26,812.0325531087635,0.007810463712568981,2.7218781354904235e-12,7683.460428832801,0.002103049768739738,4.0514478400810215e-09,0.2883427515332755,1.9741351511708365e-05,5.292506135364146e-05,103.09928976095073,154.0004636916758,11.603319980978501,0.0009668546249624296,3.965473158196515e-09,12.96735100433313,1.3271822585196922e-06,15.966303920807627,1.586716994276158e-06,2.814575613586755e-09
27,714.42333635108,0.0007888122055061959,1.9214927405596354e-10,2000.4802353019168,9.668370336530186e-05,2.0305826376810423e-08,1.670354257025894,0.0001129024640891984,0.0007269828967100402,258.87387001117395,100.43857779837845,3.117576095005408,0.00023075341001988932,2.0252809192387553e-10,92.17110005498293,7.838528868747934e-07,2.090868224479109,3.458446314887987e-07,9.153127004012425e-09
28,311.41651699368526,0.03877587260616768,1.9051359160533433e-11,123.11916538941085,0.0007569613703455416,3.060953710779385e-08,0.3499288775676517,7.682268826559241e-06,0.00023242113368438628,257.96402872833283,19.507963903581675,2.936547861999487,0.000487091490728086,1.2510765782557741e-09,31.54106208393563,1.6987174747495814e-07,11.45546899531757,3.92877204355898e-08,9.079143437809824e-09
29,179.79624565262526,0.0007624993242535634,2.1025477474524028e-10,94.11133954331258,3.449586641985393e-05,1.397452624435248e-08,0.13452434471472596,1.8684882578409293e-06,0.0004817447083204751,30.576898610306344,71.78056256096048,1.636366626539628,0.0005518903737258357,2.64878874027622e-10,28.087299347738075,1.0936691517263994e-06,25.377827866166925,2.637642490663044e-06,1.1793632880370587e-08
30,1571.0836610680144,0.010080033188543268,1.0950085602898007e-10,2475.937902497967,0.0020281806775174793,7.732439992126844e-09,0.05412045140334251,2.436195944101867e-06,0.0010206185985581007,7.894374650094223,5.629483634905911,1.8351730824481765,0.0007043567600697201,6.129233064282354e-10,39.01213356365047,9.227357074535972e-06,7.091801141275086,3.3849923301747455e-07,1.894200173532373e-08
31,349.8298130150951,0.025009382422881678,1.1586420982958763e-11,120.2466376952949,0.002774398552236817,2.975159195694809e-08,0.15681735454906287,9.911788947778796e-06,2.5290530511623597e-05,1670.6086888631046,7.191699250079908,7.613044415772175,0.006552069508852113,6.558431013790617e-09,22.248423289854404,6.569501447685508e-07,1.1169499438195352,3.107868835686116e-06,1.0843948660177252e-08
32,2525.073962277667,0.0008266328831003937,1.1470229535488223e-09,802.2013787172816,0.00028861801940320043,2.6627501523171232e-08,0.32119604400217583,1.0253867821700626e-05,0.0008374154900259278,135.50982467413877,19.642161943158175,6.822667623410416,0.0002470893281056318,3.9825428668003263e-10,155.42515478600458,8.00633538026058e-06,19.883273121049186,2.1582068659269572e-07,1.3140151506519672e-07
33,495.32161475286233,0.010186768530973549,5.658928659689183e-12,738.2085884057316,0.0005849078153806847,2.886717792931089e-07,0.08805354834025565,1.3180742571965053e-06,0.00020880638060335284,725.6180225735741,12.71739230051647,0.6245463954056749,0.00038331425740029037,2.7107358894447544e-09,48.97097985500524,8.967683530980656e-07,6.89809489366974,5.9010142050594544e-08,7.235628213987875e-08
34,331.54239593936427,0.0008106372855685221,9.945096543103539e-11,7845.223718859198,0.0003213994939142695,3.3724472339608505e-07,0.07611144741363994,9.02073718915621e-06,0.00019085004102734748,352.8057609228416,26.99167053869953,0.35557666663172816,0.0005255388345646036,6.9068018260792105e-09,229.65726360897662,2.3798766764725354e-07,4.234378359722485,1.7787937560693766e-07,3.4818273145212546e-09
35,7304.145664197089,0.000707365408947143,2.6914521953269367e-10,633.136422800516,7.979900118065312e-05,5.667634955916365e-09,0.058050893062591806,1.804535120754932e-06,0.0003684478554321374,619.2779147194307,20.359232960789928,0.06817830702612553,0.003109616543337495,1.9174286228232772e-10,14.162570575220155,2.7372054733321775e-07,17.74659869896323,2.624054975104073e-07,2.7443109723067672e-09
36,8285.786467610393,0.0003986634599875437,6.824279329724102e-10,568.4617155413429,0.00023854420398994515,8.106154425474391e-09,0.06576626979497688,3.2462311659993564e-05,0.00028325581826873564,297.57420919829565,1856.95046083834,1.4635706595399023,0.0005412601809619619,6.101156849738665e-09,5.847579970783262,0.00012820810681550364,2.400656857092583,9.109177455243352e-08,1.8970025189003943e-08
37,1558.3043162813537,0.00015703848455921442,2.6903783529449057e-10,718.7536017983299,0.0001934338335865066,8.972794906105777e-09,0.22447144407767566,4.655241732901467e-06,0.00033594109770804654,179.04659902885328,4.539449790644701,6.109791927223441,9.961423380982327e-05,1.2481840993491685e-09,46.47839893581607,1.7622337644458643e-07,2.228720178655263,2.6859167673240667e-06,5.869485010421502e-08
38,79.33745611209785,0.0011414327052932018,1.8881506164803148e-10,830.6724224678954,6.885491444787089e-05,2.8018503481215387e-08,0.03398790703597305,7.797526153754109e-07,0.0006945439624440952,198.2239090756013,15.558961571296818,3.1972071362966905,0.0010527666857608215,3.261109610270837e-10,215.49278151245088,2.4322441678269883e-06,3.0674372145848396,7.88044036594452e-07,1.5176451412379567e-08
39,936.2004204335506,0.015515710068845138,8.433664723889246e-10,3709.0853627255556,0.0009854906405442657,2.0783636805379707e-09,0.01294223623318028,3.7068231372698878e-06,3.638486753807776e-05,100.28132033139353,91.53682502700842,25.48484408339368,0.0004570246388516962,2.8464824622201855e-09,211.94428126164536,2.3080998077700667e-06,1.735603664289155,1.9999588692232185e-08,7.478422371281342e-08
40,740.7743941759372,0.0012149432856509608,4.368599763216071e-10,527.6791451238136,0.00010084024847163605,9.830075048508793e-09,0.1398370621868553,1.2311941797491948e-06,0.00022433882844870854,89.83745010591441,244.0735475353542,1.8168969102903225,0.0006754963327710045,2.0900393982456767e-09,83.51205485268837,2.3283991260575928e-06,6.473445295571833,1.217319282519449e-07,1.6835777340034648e-08
41,1950.959160904452,0.0007689178188223789,9.10064739969456e-11,814.1633871708295,0.00010354633803853748,1.8350079703453513e-09,0.4000335083992689,5.932725789194723e-06,0.0006377982661015935,2960.1698960298627,10.97722147432741,0.30473537558782643,0.00022137661487598307,5.199433107104055e-10,8.050550759267379,1.6321452023885223e-07,1.107821726456041,7.061304431194564e-07,8.196598214083398e-08
42,182.8305717065609,0.001011122529514638,1.2622347410384456e-09,75.8258703472934,0.0010618590240582537,5.90242574452859e-08,0.48308916916106875,1.2174841979499884e-05,0.0008046966432300356,10143.179957159551,62.60821986315802,1.978361893642995,1.9696361407797948e-05,9.274068822194241e-08,38.59487126866963,4.446972867018661e-06,8.758063517916776,5.282104493192476e-07,2.418072980715121e-08
43,14.714268789202398,0.0009510034899772861,1.233009845355645e-10,889.5613714879688,0.0012089676026881152,2.8393136084273503e-08,0.13108177566392717,8.536865243006347e-06,0.0004215270579489375,229.16275535142282,52.7141673822381,2.9827128576770097,0.0004706771851079755,1.8426659711070616e-09,26.22368413925627,3.252607116075173e-07,1.3791938904093262,7.401843398927109e-08,2.0396584004733376e-08
44,175.0876069541497,0.009339861402704246,1.0712878085479072e-10,172.66098069410572,0.000525199136374421,1.1352278079250805e-08,0.062249897693123314,3.3691704697861992e-06,7.514753487276413e-05,465.54976645543445,43.11329911805838,0.22033274862636595,0.00203640609690809,7.139455876563958e-10,13.052180093341825,5.122460124203173e-06,4.25927577522942,7.0946479300085404e-06,2.1264166436861624e-08
45,238.46769302626254,0.001621086989823673,1.279572448389553e-09,92.20431388629675,0.00047421464404125716,1.9708111165414443e-08,0.006195575857722415,1.869338327769122e-05,0.00021643469469122704,713.4505214978052,331.56125140901634,0.8045599653442014,0.008985679751940409,1.9513142546131702e-09,195.8200078122291,5.165523452398991e-06,7.139771245367685,1.0134547692755827e-07,1.3575744367606366e-08
46,34.56258495473229,0.10778857161112045,1.0783040609310284e-10,70.66240228277256,0.00036801600737699857,6.771598183380144e-08,0.2927240202164663,1.6674992261472156e-05,0.0003084398231655288,296.9590518990833,129.88436077087587,0.5032984327572657,5.6977480466654784e-05,1.0605549046922953e-09,33.38134878231903,1.6672217123191454e-06,6.018923758892567,2.2052759067308593e-06,1.3497065015117296e-08
47,64.52240974556312,0.003323956652208,6.832243638426508e-12,44.91668059085048,0.00028974021905726335,2.923485471657864e-09,0.30203145274634297,1.6877977924938654e-05,0.0002339867791476455,119.09043891080388,298.7147998578325,1.0665373628059447,0.057466668878055044,2.58657319826535e-09,0.5057684073027547,7.025795405161262e-07,12.059403336489106,8.171035689168686e-08,4.8371730625211083e-08
48,351.31670302474754,0.0010247570949780908,1.423418089080497e-12,153.83152922935665,0.0006008552018579837,2.0068351082219077e-08,0.1874115780693915,1.856922602089011e-06,0.0010484480192624896,70.33143126826815,316.2192402513866,43.941744125793534,0.00024520261611989596,1.414461061885946e-09,4.840508410184102,3.2407021227693228e-06,27.475510173781238,2.4397526603202015e-07,1.6779506609909823e-07
49,650.9625985822562,0.0014129464095726776,9.962744352947226e-12,2235.332051235885,0.0007405108598942206,1.1203834607378571e-07,0.038608012201441465,2.4237769185523213e-05,0.0001180875646467372,32.830827776454996,13.345907654069762,3.6236532993337702,7.505024526543537e-05,8.377029316337655e-09,15.09995430505468,7.07347987569667e-07,0.4091257394409369,6.820943423704365e-08,8.33168367659828e-09
50,4794.435871500832,0.00016745351454843391,1.656063719883536e-11,81.52339349983376,0.00020270524072256001,2.6545375635410342e-08,0.10314120903356552,3.426370389559254e-06,0.0014436767310893224,28.612192964518684,194.65701487686346,6.61024505792995,0.009563162898161306,3.1040098117245443e-09,349.59006251589864,1.635397888442672e-05,1.844682362592759,2.306047840122369e-07,6.600132015292766e-08
51,1946.387689664228,0.043981081520397175,1.5833069367397871e-10,1254.280656357739,0.0009624089269889091,3.0918672432619936e-08,0.22039350638636984,5.471603760691788e-06,0.00021098369722480747,3276.213845821906,36.26002800711729,36.463079835930834,0.0015706728173305318,7.298626894241602e-10,12.03256910482087,1.424400945128009e-06,11.380473134873649,2.0983533990510114e-07,1.541142634027492e-08
52,507.1125460770147,0.006169220695858349,7.068744104472217e-11,125.88463516064145,0.0015744186433404286,2.7198153524741148e-08,0.07970203701153476,7.269637514611092e-05,5.812654037893933e-05,279.4402675543797,247.9031171089433,2.5147166654682325,0.007376262428111874,9.735704799823662e-10,132.48637032339553,1.2614781807835304e-06,18.30052689053493,5.054523040809349e-07,4.010174849158958e-08
53,2722.1256354618295,0.007096865679733995,1.5038373704960895e-11,99.8666055767375,0.0006968136731424793,1.3424467498848401e-08,0.005104601590680118,2.312478496367088e-05,0.00027395456204970856,399.1971524061187,14.598481219003412,0.5602553867625187,0.00020808585241470796,1.0904445584981407e-09,7.9327918958290295,7.203629979896398e-07,7.3296220758375625,5.877079969038243e-07,9.933033522514997e-09
54,384.22183269255544,0.002890531592888558,1.7193234490629987e-10,538.4913552449335,0.0009901664803348507,3.365361807836766e-09,0.8023247643857732,7.829247430080372e-06,0.00044690579300459454,189.29608884734375,63.578579741906175,19.516576112434734,8.590569027798118e-05,1.9494825609614285e-10,12.332399398537802,8.983657779861033e-07,25.096269298772615,4.6962915861554516e-07,1.2666927465933762e-07
55,851.4640267014886,0.003960479123025346,6.216453747741065e-11,592.4407126380815,0.00048361312586361953,6.963581730852283e-08,0.09961942127190612,1.747379020895276e-06,4.818382737759216e-05,2480.9234580349535,264.19628312788257,4.865724934761076,1.5949713012347514e-05,2.236275849807018e-10,57.759379678773946,2.787322898644576e-07,890.3328479968854,1.2592253896403538e-07,1.2469768708003706e-08
56,1249.4780504857995,0.0010277298354918903,1.6906220067773148e-09,80.5197321908109,0.0010478541520305158,2.7911789483002014e-08,0.028296014293568636,6.734145158499479e-06,0.0005991665585095378,310.10162685329203,45.705384896298376,0.8102393525934551,0.0005453090960018949,1.0796323893890827e-09,25.73130018071157,1.0954787779423486e-05,15.580091374857197,1.3989433855992366e-06,2.850313712116642e-09
57,517.8761296872315,0.001922598893339554,1.3040159166605382e-10,322.31188292931637,0.0004413318172155067,8.897792594271533e-08,0.1341560040958512,3.886311253550001e-06,0.0005833040364253416,423.4657693899372,3.170067215136446,0.3929035730928591,0.00026336461326855143,4.79079459265302e-10,1.8654911371920078,6.969848570536979e-06,9.77999866599231,2.2282043560891173e-07,5.2324459902154055e-09
58,102.75113714990826,0.00959635898169818,8.717125150925788e-10,17.723148964579753,0.0021921563969377403,7.616184863434772e-09,0.10946173031270146,1.7643050124353375e-05,0.0001636535187199967,238.74853787392107,62.94741122409509,0.6636022616261071,0.00023363567386380384,6.1380040111010415e-09,12.675464771795317,1.7004565431360636e-06,4.367915016403553,6.271149264596496e-07,2.2702858475082327e-08
59,1115.3314522842466,0.001898957549974943,2.1467375965691484e-11,4035.02922665124,0.0015075434901647398,1.64311436188729e-08,0.05766328597414447,3.0729200030684234e-06,0.0005602097983140647,250.32655347140923,127.91988182575253,7.974926171148187,0.0010961356269930617,2.3054271226481095e-09,30.330222384041342,2.4136991014160057e-06,3.4924720959483877,1.921280987430342e-05,7.791373624120644e-08
60,473.5602429622346,0.03967190316791921,3.1015798341446936e-10,326.8574432903966,0.00032370159335131743,1.2921690685356194e-08,0.5222883752477273,1.1145773015912426e-05,0.0003184106524668814,15.353371145180073,23.93533374022535,16.034499667214888,0.000292992620346416,6.5130304769303835e-09,11.203220871269894,7.446539640717193e-07,9.573564264141131,2.7586834354980847e-07,1.3089650513244084e-08
61,1164.7631025803214,0.012031805223274739,3.3096630313847586e-10,2330.0775471863512,0.0014669271723428438,4.775256703096124e-09,0.024846841525129112,8.75806376497909e-05,7.463925544941757e-05,206.36515796943084,43.89989166781909,5.281810378915776,0.0015593641467879593,3.590481730246992e-10,5.991102411403867,6.102037260367619e-06,2.2517974446173024,2.3224323717282305e-07,6.92057655913723e-10
62,170.70921759222804,0.00945823751066386,1.3072158687408355e-10,1895.0388948346165,0.0031932321808787975,3.1484025944579244e-08,0.026524393177436874,4.5992826158457413e-07,2.337427617816297e-05,4717.757909088735,2.1367746113522834,3.9595880263891874,0.0006263622068476619,1.606366068405866e-09,48.23287663461212,5.767759744485716e-06,15.71220389162295,4.4515176145227183e-07,6.564096947828207e-08
63,60.084695410672104,0.012753572280741943,2.2244725604183666e-11,204.09137414416972,0.0032384494909580915,4.0890711150351175e-09,0.03480699243346538,3.034777717368239e-06,0.00010878246006907348,34.863658282537486,153.95617571724506,3.4712524790312314,0.0006564957619515569,7.086356399009732e-11,388.3313496064215,2.9410793551450847e-06,76.72965164217992,9.667458674006091e-08,1.7873965718856223e-08
64,217.61289034092522,0.005793648627652651,3.219715992499059e-12,1526.9633825631918,0.0017881122188981836,4.427827123348832e-09,0.056219772479851576,3.882555839713103e-06,0.0003208340454813694,101.51341082857324,48.27572787791829,7.507239763993597,0.0012278273639497596,4.931488119647547e-10,12.549471032798717,1.1393136485253144e-05,5.191513770321515,5.60099337240417e-07,1.6193310548973883e-09
65,103.14994971605456,0.006484669778339581,5.2648550007441876e-11,39.378044410458166,0.0012143939889878502,1.3966727613554416e-08,0.43989946957832937,4.428708943273624e-06,8.551866087101114e-05,1150.3350175437329,117.57317375870063,0.49835349251162053,8.956952920496606e-05,2.2518301640481677e-09,9.394615355323149,4.5553782868588156e-07,17.116388078971607,6.460178315170567e-07,4.294160447936057e-08
66,901.7373972769857,0.0018446885521669857,2.9045436883753537e-10,431.08004433113695,9.903127032643124e-05,7.846796892679484e-08,0.08785950940443545,2.763259961777192e-05,7.813483633524037e-05,50.15449919797087,5.021075882659068,5.213009227410449,0.0025347080151149858,9.52514246976337e-10,570.4678619769088,1.3747300535353852e-06,7.18122880326161,3.970680118265837e-07,5.74125779751616e-09
67,2405.626201407249,0.000688702883989103,4.085436695679482e-10,118.23864865086544,0.0004969223054095425,4.6554363506660375e-08,0.19771255451003208,3.948706602980552e-06,0.002889065977820704,769.4016887499068,22.96561786225173,3.9854815354307678,0.002083584583112943,2.263508397973566e-08,30.701698907715457,3.706926640469884e-06,1.801654186526702,2.556845698974623e-08,7.516320964091217e-09
68,940.9904137921561,0.0020674585832764986,5.611284459740531e-11,176.08050845092913,0.00020118234953371146,8.44944962178826e-08,0.01349358403669833,0.00014251460865913885,3.673052760519219e-05,171.34346696526873,61.75477837944215,3.0218844153945494,0.0024980045463514023,1.6005653654789987e-09,96.04466130390334,7.98626125464025e-07,1.8652402794017215,4.6819137880369555e-07,2.8380694757031934e-09
69,1201.1443820111922,0.012487256635656743,7.063113572305731e-12,1729.3691332165597,0.0014909209466833135,9.448033939920027e-08,0.3322073066632353,1.9929901049987716e-06,0.0002724536340581777,70.90830024005795,133.17318108646884,5.968308570540353,2.7698684115965403e-05,3.6817021826958503e-10,166.95296812649846,4.511715262146416e-06,8.308268625098204,4.4158382755384366e-08,6.379145970191223e-09
70,413.1476336182328,0.0005521054453942148,3.070212296491787e-11,894.7843116191209,0.0009844927295434324,7.39745070071782e-08,0.24632655277780988,1.906242063848538e-06,0.00018693303179134513,388.6250450974781,330.44927728739003,1.9838811826853144,0.0003866393879779858,5.234017854732433e-09,2.487940055721281,8.514370298845658e-07,0.48157094510363607,6.518489868435708e-08,2.083232943074207e-08
71,623.586287061054,0.0018795665065588268,1.7695274282073898e-11,156.20529934383978,0.0002964721709575683,4.207541573908064e-08,0.0907596232752685,8.361512757424806e-06,5.695583596885403e-05,28.57411315891994,11.646931353012475,3.5356936961622223,1.0196175501121614e-05,4.206315484135822e-09,17.93924958484012,1.1191777733476767e-05,2.3119757324115033,5.096898702433747e-07,1.6358098631544966e-09
72,152.24408416854547,0.010128113938455094,7.881215029765365e-12,1935.1812942040217,0.013804099452767834,6.004999999428841e-09,0.030248738376435054,5.5334223989947305e-06,0.0027205728537100333,140.62811547939128,310.0195447753148,1.9951131724350912,0.001024480843796645,7.427163444365954e-10,8.83312123337484,9.951175077006922e-07,4.32656932719485,2.80763202768398e-07,4.1247771606873295e-08
73,763.0331709601923,0.0011272717168929393,1.1417373902452469e-10,1607.5945513162694,0.00038903681697496445,7.52215479421473e-09,0.023975474401308025,3.3625979168405385e-05,8.381130058724489e-05,460.99988480679195,42.11327830625946,1.2419051164528088,0.0001453902431099529,5.542551254141928e-09,12.398751193616224,3.1947143520382567e-07,9.199006189866664,4.258014418477024e-08,1.938417526462208e-09
74,677.5102514187655,0.0015709032405819385,3.1158941091072025e-11,3276.019387166265,0.0009522068252790149,2.682291561071037e-08,0.050492104806483695,6.340104781322822e-06,1.8541698306557263e-05,160.26191382624793,366.999289905903,2.0973926268342074,0.0003955222379406303,6.47511075558515e-10,88.25589838901264,2.467639949197344e-06,60.53555545924025,2.4082986967297163e-08,3.8211966766432846e-08
75,1497.046450653548,0.005319747416245429,6.943112871457312e-10,772.1597327839991,0.00026071885130108557,8.651350521170426e-09,0.25794623226228497,2.4858771820732595e-05,0.00039734309255051286,155.04203042462052,26.23272430755046,8.953586745143403,0.0004030724163695905,1.8529716960273696e-09,4.3978406413110225,1.6909342983962653e-07,0.14844482021430142,5.218826095737249e-08,3.0482056538763214e-09
76,35.46739857913167,0.00038420592695825325,2.7990238873077097e-11,162.31319024690066,0.0003435351007719168,8.662988441710315e-09,0.008592042871323957,1.9018838904633623e-05,0.00014124137610965274,4380.100290994365,128.34689887492814,0.16957167624533379,0.00038121883446502974,3.1320941476260232e-09,91.87152413031562,7.63119883691258e-07,3.059050735594689,2.457296329395501e-07,9.755223630546858e-08
77,85.07605085240772,0.0025403645804174097,4.231573526778925e-12,565.7139228947766,4.570695754440333e-05,1.4039330570665153e-08,0.18734595550753236,8.963072303365947e-06,9.275615457766422e-05,533.1163572028989,53.7751004145644,7.171562391812005,0.00021040794771043586,9.823942887980694e-10,5.1575246235927,1.194689836894122e-06,17.441045663032604,1.9796916177456644e-07,9.537366337568169e-08
78,1712.3675956355662,0.018914311811307517,4.366771795867169e-09,1551.7843195027917,7.382487032700562e-05,1.3367150120471769e-08,0.1791987084306676,5.179034159255624e-06,0.00020486876277233827,394.9319751610367,170.6550610744074,3.6626516246311565,0.0002399985999922908,4.5631259890774367e-10,44.5322472082342,1.0818970306051614e-06,0.34521685428667137,7.816153330737319e-08,2.1381694346705393e-09
79,1406.2066575079793,0.0013064746486019347,3.72371882597861e-11,1552.0359974491905,0.0005539009676830699,9.530420267333255e-08,1.2073129816789707,2.672376425066649e-07,0.0011074150945404935,277.20474139968104,34.49675594408853,22.464216289216807,0.0012672206916885993,2.941043211852796e-10,17.795246884954054,9.329431975027387e-07,11.083370014567732,9.937386088828434e-07,2.852945334532175e-09
80,1669.3553975696857,0.00477819979180271,1.7122129045894096e-10,346.32966644899244,0.002211874217775453,3.95123954603039e-09,0.2265442245521141,5.448727370408396e-05,0.0007731608785461231,4351.155691488168,295.45740803129485,8.215062800977813,0.00016679893368803575,4.1577936512949854e-10,86.28330188166653,2.553236910608589e-07,4.7383683401230385,9.497919284973489e-07,5.2687499875915526e-09
81,101.34262559584478,0.028704499909903168,1.901019182078564e-09,318.84183899650986,4.891774752555697e-05,2.266444011314979e-08,0.023509899915754924,5.500115671762029e-07,8.473550339248108e-05,2146.587240734219,11.016229163767592,2.2945203863552353,0.0009358409781236893,2.369416537538277e-10,46.23875112055092,1.4948552551055553e-07,32.20576505873589,1.1639260585431542e-06,7.45668435507018e-09
82,112.34645744002341,0.019327925075104564,1.6420188105053785e-11,273.0200584622805,0.0001789950143118497,2.039662666573989e-08,0.07623665545216568,8.473299726944517e-05,0.0001358987067380271,101.2799493476025,51.09132334919207,1.5353682581307124,0.00134176062831886,2.099107810985884e-09,22.229879083689944,3.293055352274443e-07,11.574861546033475,1.5440036595508455e-07,5.924496213035126e-09
83,393.7616859705099,0.0006323433243104103,6.282567717901894e-11,2969.149799921489,0.0002535719855338704,2.7830893440564254e-08,0.016975594131686464,2.2522684340795077e-06,5.0002071237396434e-05,431.107441060687,1.940500041471513,2.4027571542540302,0.00012082623281138586,9.87935148333601e-11,4.050976216474317,1.2692792193860302e-07,14.661775029989927,2.3659356204850162e-07,3.450456954115123e-09
84,1395.5226370925802,0.0028151396879626004,1.342452060381467e-11,219.82529940493654,0.02686438116360956,8.254905831852268e-08,0.15557414241328307,6.6500861166174964e-06,0.00014672778582859372,48.20109103587714,38.13316262610675,0.5122072426866867,0.000561731392173925,1.5886983243188416e-09,23.466525382860286,8.629489136088192e-08,76.50346578307908,3.2516073077481247e-07,3.896334040325151e-09
85,4679.198816250053,0.0589841903809279,3.774417980693523e-11,12.265938603128197,8.986573577769373e-05,4.79413554498624e-08,0.05688213014403684,4.646703328389131e-06,2.59565115590851e-05,304.4656271611273,26.540601221551565,0.5331205283220996,5.099741000449328e-05,8.188692212959079e-10,17.07618424884176,8.93217232112742e-06,1.7188078079166276,1.559293863657596e-07,1.0860520812495476e-08
86,2168.7198773738974,0.014698583128382738,2.271197186551385e-10,100.36229028520225,0.00019350015240394465,4.8391556669135215e-08,1.716933447874354,4.4660760942650006e-05,1.5814903920863996e-05,1141.216520843649,143.065446891258,53.90284276042628,5.1336730653549495e-05,9.396493869549722e-09,8.34601783563326,1.0815203992554845e-06,13.431455226005482,1.476423821964223e-06,1.0789140188693946e-08
87,180.0740190229405,0.00883923740983652,4.43172262108908e-11,1372.4087075289851,0.0002559054302348139,1.0174460813487191e-07,0.025779943315773105,3.0574554423650855e-06,0.011037873233289742,3201.3244660904343,26.265140819043378,0.6348732410836834,0.005994173115785719,3.3676109466755937e-10,9.401937789413848,1.5429101374199036e-06,1.3741808046337507,2.249509395498118e-06,3.4668592125670783e-09
88,125.22087885286876,0.0020372382132563386,7.114548255926592e-11,3120.7792370861043,0.0025648170788886864,6.931165911957016e-09,0.20368886917059179,2.912049137335833e-06,6.011144832227256e-05,270.21746664443083,172.3492470181526,0.8741336221021387,0.016118602252901564,1.074107107694113e-09,64.85031645209578,1.0635121283847073e-06,33.71716747117477,5.297076157871762e-07,2.9631518572513777e-09
89,101.2346288979958,0.007942336097097956,3.42727932850265e-10,533.0596668179104,0.0026917506622736133,9.331687170389613e-08,0.16175900354707948,0.00012167502424492036,3.1114283309068365e-05,239.12732133885706,16.77693470915119,0.24070038484733725,0.004104447600356238,3.41432395458262e-09,69.79902490707323,6.926132604713697e-07,9.191738886137307,1.9846028177045213e-06,7.709962612753824e-09
90,1759.5508940594132,0.012696944088614262,3.2888573802725314e-11,811.9337040300574,0.00046625616894767667,2.934111264395005e-08,0.03993026551886421,7.3364479685841005e-06,8.410731051031917e-05,251.570482031158,641.2809578694616,3.0337745877882183,0.0019867217576792547,7.589626204037534e-09,4.956458329885706,3.3257244870483687e-07,35.792103237775734,5.164655399375781e-07,3.7776669587135746e-07
91,253.9754876976331,0.00042670680371621105,3.408543451022431e-11,2326.6805540631826,0.0004281529788224924,2.3383724461655355e-07,0.03522042853984299,2.827169254522223e-06,0.0002178827966670222,1011.4534258245735,18.569691952721367,0.17340916080303748,0.0011096652776035278,6.029577242430297e-10,34.07993433362402,6.727714540012328e-06,1.9138569707537034,2.204836484076414e-07,3.896123268249598e-09
92,947.2092158509388,0.026943720649708316,6.354379369839094e-10,3034.1552125595326,0.0017290353790664825,7.802473347164922e-09,0.014410932329830085,1.3005767715245537e-05,0.00020462904725849273,98.75814176172459,19.561439022079615,0.045251261042362025,0.00017477212319466664,6.17079313335186e-09,7.383642829686786,9.351566619088377e-08,2.8375833924017977,2.3483309118873967e-07,8.813722605378694e-09
93,602.2576566729396,0.0038627045273530013,5.307143893982608e-10,1358.4430925850784,0.00013493459456276178,9.448866128275764e-08,0.19674309591749475,1.128950782639142e-05,6.195412932791419e-05,35.046862637466305,2.346706884568799,0.27485876153905187,7.724374578720645e-05,1.3066719498131918e-09,9.836793193446855,3.0107670100131125e-06,20.997415825342056,1.9198036892229764e-07,5.9015568628977805e-09
94,248.9575711023235,0.010586749518512371,3.691426475146982e-10,744.3877746430314,0.00030990028698822317,1.0503219093935079e-07,0.021645306473748193,1.811999436966415e-05,0.00014637142761451526,73.913364071116,220.22986409104072,0.8766366654822972,0.002827000731189473,1.3996259754288146e-09,33.15843066579115,5.543584744407234e-06,15.867207229880206,4.514229311395238e-07,8.61476951757354e-09
95,177.75365028732665,0.018843891538792016,2.6241620621926936e-11,182.16958200287044,0.0003567210769805472,9.059785126436495e-09,0.07874394717670959,0.00019975802332032993,0.00029748360926471835,1368.3247033135965,16.9289136796511,0.32303960105115437,0.0010653719042854946,2.7916321571682417e-10,7.12238550162566,1.4279822982255406e-07,1.3504844749140752,1.2314859375804797e-07,5.205650204181018e-09
96,61.07282714683736,0.007078193197278046,1.3838371087989749e-11,2508.815604696241,0.00040045280582716767,2.0480619251524532e-08,0.19651413523149014,5.856348784502751e-05,6.245771505479748e-05,22.033611414332963,8.059869079740137,2.1211244714586477,0.0008543308602172483,4.248455907616178e-09,10.48689170156395,2.870262283007806e-05,40.770927296511644,2.584698282648136e-06,5.9498192047199e-09
97,1369.820561505039,0.023675689940068256,1.668118694199559e-11,21.56725619612024,0.00013594458474039655,1.850412963743023e-08,0.1005815984783254,4.803831465836766e-06,4.4697408214557916e-05,10.150331692841949,45.564289217597924,9.604528494292342,0.0005619678521167756,2.0499879754244722e-08,48.86726589124924,2.3514448786560494e-07,3.4444694149843187,1.6899946583169093e-08,7.160223959065405e-07
98,36.86559474769357,0.0009011637686738213,5.09305680577687e-11,833.996041336284,0.0008734256274713235,3.631023609024297e-08,0.23466448708310012,8.245560226695861e-06,0.0001444187647711015,16.844027292103828,20.540815193792277,2.71100442122162,0.0007939160676064664,9.156075752424259e-09,6.11337089945223,2.7645886234003087e-06,1.5200395898401369,7.34869280754106e-08,1.2372650532545288e-09
99,108.35874402806867,0.0008356397140235531,4.692675496562731e-11,936.7043299495775,1.0445932503316281e-05,2.080081710825231e-08,0.004645683163638245,2.0294401753614024e-06,0.0002682907816942933,63.28586673799052,20.40283008957032,0.706349132228836,0.0002438502284159074,3.2168488444509164e-10,25.881379941474833,6.255945377282138e-07,2.526218226149305,1.2757890085384152e-07,1.1217243749957213e-08
100,116.12900768867051,0.0013675100402050057,4.539767807569469e-10,346.72147647023974,0.00037129070589119796,4.881819575680738e-08,0.5153544833094008,9.724065701664375e-06,0.0007389613210943305,29.561640113571666,383.4523923641776,13.750568082150824,0.00011742490859469367,3.422222982819886e-09,32.87136122420647,3.6693780437323475e-07,15.129942697198391,1.4663378471054695e-07,8.889153293790198e-07
101,87.7048123831398,0.00023978939049941608,1.7768203676562965e-10,828.0232311865158,0.00037739696195578765,5.133786662990967e-09,0.03240091696171521,1.7307894207670681e-06,0.0003604548742711543,126.06801352360793,1.266052092209654,1.3350163475571664,0.00023707434539491445,1.3619811600734116e-08,7.003710555714909,5.819646691511377e-07,5.666210954114586,1.3048426829384871e-06,5.685407337674354e-08
102,581.3012614506312,0.0018420386841826277,2.233814063452369e-11,82.4984655436286,0.00018448531723024695,3.0497410372698385e-08,0.07738340489680154,4.2155435295274e-05,0.004123106753824077,332.5716760106745,96.85891381808757,2.571691312981543,0.00018723703813253777,1.323098623950594e-09,2784.0671323734155,3.292407311399606e-06,1.2726130561077378,5.44436542920122e-07,3.829910009858929e-09
103,1057.4284373001049,0.0015729989477067377,8.346579710560194e-11,1056.039909163958,9.929327837115993e-05,7.461444224331113e-09,0.1990795748900324,6.245989482460083e-07,0.00020818287745168448,329.7712054400877,105.56788398662978,14.823850727258144,0.0010270724913942941,1.1966470251308104e-09,7.869898436216815,1.8845285131451656e-07,2.1562754196345137,2.0300590295484244e-06,6.752434165163094e-10
104,3402.528350502621,0.000342858218135066,2.633242266541141e-10,510.78993480769833,0.0002916638313906598,1.4461987971529687e-07,0.05438270728255059,2.9197892570457396e-06,0.00016644608397788945,392.73926334362193,68.50309689805157,15.44205496438682,0.003123368079689928,1.5684157004472523e-09,0.29885122061426667,6.755302818207541e-06,1.9811880534697894,1.7383077829010125e-07,3.054312188421378e-08
105,448.0776736309465,0.004153915730809081,3.000600296902891e-11,131.94995078023865,0.001817663771654805,2.576011651241054e-10,0.04397895824217444,5.526469929972231e-06,0.00019382250727071338,1757.1099979921662,35.37736698373545,0.3703046432744782,0.002968066878219584,9.71277011593932e-10,2.8085530238636367,6.988267612433675e-07,2.274418800266061,3.708165288819769e-07,1.5613438860085447e-09
106,107.02232431558303,0.008390924949162165,2.1272230962861283e-10,987.8923141473201,0.0009482842370802011,7.468512664720945e-08,0.07852343459987193,3.0139867598263855e-06,0.0005878855383961477,167.56795474989687,89.29743187085471,0.8514824101640693,0.0005049608466082842,1.9467118702481948e-09,14.642313647412571,1.5429701083100709e-06,4.149289233227153,1.4243625817976056e-06,1.09280554387424e-09
107,1284.915038015018,0.0006248662280382654,1.0487209042253132e-09,50.779293805070175,2.806605296718722e-05,1.0379316763905208e-08,0.44919794615448017,2.062626282391977e-06,4.051038668212599e-05,65.62410942396215,12.654690269792495,2.001784340887563,0.005721541929388388,3.3371237673293026e-10,9.522813326500716,7.380998363116234e-06,4.2033965321989255,8.803987703046365e-07,5.149796819755187e-09
108,90.45156254882131,0.0003283657552179051,5.588635373257239e-11,178.6302982343463,0.002641774891415341,2.2741114420852752e-08,0.19000140241701183,4.473191145540172e-05,4.745096918910291e-05,18.941099324709796,7.240997669951724,13.025422914728871,0.00017135174798913656,8.140203253378304e-10,16.549880072875425,1.743237396276573e-05,10.470147662835469,1.5373071590136713e-07,5.010366630893337e-09
109,68.21385123766044,0.001215685424733185,1.3989299384624053e-11,201.4001564354414,1.8883118722008517e-05,2.280108450621828e-08,0.06021392664736568,3.994232764914551e-05,0.0002708432382231544,169.5786012829009,21.402184975135885,3.2000164354516087,0.0005940478322292937,9.153502977145982e-10,20.700481461457258,2.5191395167280936e-07,3.6813705513633392,2.635425858127258e-07,2.001913135848184e-08
110,1291.122877868646,0.000669717040161744,2.608631680224681e-10,133.32001514792762,0.00020915917826127339,1.6045058749473693e-07,0.05341024142422887,1.4325466625781135e-05,0.012031869357020731,1941.3983113341906,61.013769593787174,12.647053494936122,0.00023782882151810586,2.834431630119563e-09,2.2293502204731914,3.1887752856465327e-07,29.029115202105544,2.85169385106553e-08,8.491798917749145e-09
111,143.50699738788845,0.001675209810526463,4.909621375866508e-11,162.64027905614284,0.00010665500568911488,2.2297949337456704e-08,0.08789026003356286,1.2383707749923593e-05,0.0003180154419989228,388.96149578902015,707.3760288294369,7.613871231639202,0.0008340910013444597,2.6965910342300494e-09,7.100047131370144,1.781273716166862e-06,1.1571468561439884,2.54344984284955e-07,9.282495895847223e-08
112,52.95337307231714,0.008642670432332779,1.69479236898095e-09,504.24830149747703,0.004428462905107319,4.309523549345629e-08,0.019233228557101537,6.883497525347047e-05,0.00033024542031631784,328.0296363973724,409.27932554041604,2.8862462047100803,0.0001653497011599083,2.9039356898388353e-10,42.95757663737238,6.125809775113571e-08,40.047099655186166,1.0441631959766612e-07,1.7328516997239772e-08
113,251.85996160599882,0.03215158015147457,2.7457436745449765e-10,297.7416281125029,8.932716188123294e-05,9.974260339957243e-09,0.0575288266914414,1.9464480658531217e-06,0.0014461429573462757,68.87981585687636,7.763457156221738,0.7845374134131073,0.0005216602158632871,1.374585467009884e-09,0.851387514508509,5.249949663654795e-06,7.7142773513577465,1.4963815243626242e-06,1.9419805913680794e-08
114,700.7486026410805,0.00032067004064293634,1.813975596208072e-10,377.43813461613416,0.00041376483619498706,2.741635185866017e-08,0.0025066950773857586,6.198090616398652e-06,0.00054728505016052,107.41651208752431,193.91204632319221,0.8846950141324628,0.002631601531000759,1.4881159156097406e-10,246.95440619086392,8.556422173785612e-07,0.4669772456390705,4.660845188438357e-08,1.1909076871427336e-08
115,243.2817122964007,0.00037881500925508754,1.2401285024489694e-11,2571.9040134657657,0.0003639043504214165,5.451644207403744e-07,0.013815770998989728,2.147678487356436e-06,3.378388213659872e-05,57.24246063498318,59.31098641674314,0.13929359775898684,0.00065249517356792,7.70436282521895e-09,13.114091587210593,7.56342101951747e-07,1.716152163286903,4.3000837311511776e-07,1.3049771775252201e-08
116,2261.444406210521,0.01488727705624438,2.8631353405246657e-10,106.87883372007488,0.0002445034600767799,6.370311408109339e-09,0.1914292452468974,1.7992745509449777e-05,7.223601503548461e-05,132.33619426724704,10.956515186328906,3.5074800632946763,9.921855020266534e-05,2.1255991287031145e-08,8.268015842714632,3.752922826991458e-07,1.3266988557927977,6.678553109744211e-07,8.89842756670532e-09
117,15101.187167848188,0.002539292705294181,2.4391531257275786e-11,202.38296371366937,0.0005612284682545539,7.208645436420146e-08,0.23959288554369454,8.611639984492995e-06,6.501943005259711e-05,332.4487313128737,5.492985965670099,15.327698346560114,0.0003382960589114987,1.6955013071629583e-09,56.24201962557864,1.5984588626253029e-06,12.816384209062992,1.6066618048347712e-06,3.8316265752175804e-09
118,213.24952919406104,0.0030405478171751247,2.356959437704976e-12,2682.5609622054653,0.0003041773592826336,3.238155231086449e-08,0.09029789215881268,2.116603861725961e-06,6.839109983014058e-05,497.1623328997731,200.6684129809764,28.57907399226748,0.00026317078496734375,1.3400900053959044e-09,15.099866273873623,6.387059955694392e-07,0.6523983592305052,1.4878969470124984e-07,6.350921241462134e-08
119,66.30532450558565,0.021830006088177294,4.549162445695685e-11,1438.7039024494588,0.0008873087310192232,2.288776022897214e-08,0.3641558672395298,2.0699760953180413e-06,0.00023705505465111196,107.35474154254956,8.13732016165132,7.092576589569962,5.7816121369339516e-05,5.416047952629012e-10,164.71268875555364,7.1765266014790285e-06,21.89922436869569,2.256756824598732e-08,1.2526586458333477e-08
120,152.90389632466798,0.004290626890573851,4.7809335951360583e-11,589.1473034774319,0.000945671264035795,3.098031007976861e-08,0.13568587002612728,9.480992238360637e-06,0.00025261076837654724,96.68200592374752,6.780808944385515,3.590555771519484,0.0006138895934464237,5.914597484801698e-10,21.07428735858364,3.849056488347301e-06,3.641042984921261,6.244917232628283e-08,9.778515766351177e-10
121,3467.6701536391015,0.00017001992991879617,7.637499975674082e-12,260.41944681900264,0.00020968888768368497,1.0152844173563425e-08,0.006076551163923881,1.344462611795987e-06,6.654654300156157e-05,25.898267622548605,167.79250547531967,8.827128149420485,0.0005494263850089881,3.265722134557718e-09,1.0013056463250714,3.435471717801348e-06,6.26161826655,2.4604669177284057e-06,2.262846478169046e-08
122,44.94755600306883,0.004786353245154513,1.473088435098988e-10,383.36613293581354,0.0003073206798633758,4.699981384526049e-08,0.03970468209426232,1.632337656053607e-05,1.682567976438332e-05,17.21873098040754,173.1250202428242,2.812241229191238,0.003397638821656101,2.3402051602320722e-09,7.088689909752212,1.3529423805864354e-06,9.347875027204967,2.0996345775535455e-07,1.2949551684282177e-08
123,635.0857464954123,0.0011447557527958295,7.879118699599999e-11,808.5429210340108,0.0006656505490762498,4.201643319356871e-09,0.06431128671113567,2.6051225552611366e-05,9.842905548284076e-05,64.21283403110932,134.1126302741295,3.696109910659271,0.000648624636780363,1.0271329970833484e-09,23.29909912105428,2.1507872461653317e-07,23.84926372106456,6.904765299295439e-08,5.021504759203348e-09
124,274.5116174129894,0.0005750032806388103,1.8494176266481246e-10,1825.5698560310695,0.0006515187425770108,2.1719209480879713e-08,1.2937237651464917,1.3395152521251765e-05,0.00029966423174552706,46.97028141126052,33.045554137229544,0.7279455178159132,0.0009982627825796883,1.1397330317701475e-09,133.08562946691188,4.318720188158411e-06,0.7239989609452034,7.236159904876816e-07,4.804842107950046e-09
125,785.710747246999,0.007724996980328813,2.30669083826002e-12,45.433581245387444,0.0026347505911868806,2.0856732598145886e-09,0.3166107543603395,0.0005002218746470546,0.00033807053809700743,209.9035355881718,54.82699855540424,0.29922137822770695,3.6996283806870714e-05,6.025792567643822e-11,58.13424471724786,2.3840638186381987e-07,20.96133187215623,1.553653484413896e-07,6.112085718409776e-09
126,1806.0529280752035,0.004200753509083739,8.585911263458766e-10,54.664101054695976,6.328136594568178e-05,7.868053554697483e-08,0.8506538906475553,0.00014251474684237218,0.0003035109722825329,117.32634410690946,1390.605577656785,1.6351254659926557,0.0012922289343326983,2.0035612338614093e-09,3.1661232164360857,1.5618979109499915e-07,4.9167970222088915,2.1192852598907867e-07,5.669824803767958e-09
127,591.3339276333032,0.0062582915759247975,9.114000163550479e-10,66.92176308419909,0.004069973081654085,2.5061535265289154e-08,0.059238156793085264,4.263591121547285e-06,0.0001552714044423615,234.41857794451715,12.824203310031775,2.894910778064835,0.0017559229612252884,2.3432064935143045e-10,100.34353206778891,7.795597376409238e-06,27.0842591713693,7.546539713252206e-08,7.054975494754764e-09
128,212.16669442538796,0.0040015115754557275,1.2003765690838646e-09,168.4380729559278,0.001535720553692784,1.128144083627853e-06,0.092153459682628,7.521817103606234e-07,0.0001292723319180739,27.968333865693218,5.531488917741706,2.4804255950385823,0.000763617775610251,5.175589888805296e-09,2.2272839992712514,3.714352201096705e-07,14.6888994817723,1.632140220025909e-06,1.3662026498182661e-08
129,288.1920283447827,0.0021185109249232535,2.8378879461062387e-10,1993.8245152044417,0.0011313850309892948,3.1164630495013366e-09,0.017126523987578614,3.7428215173939847e-07,6.27030206481592e-05,3007.0449373454585,26.032095965243425,21.585957675605645,0.00035980348840494475,1.708412507352182e-08,95.26000788162442,1.0346524618482923e-05,0.29772519692349936,3.622909990255788e-07,1.7432007722667718e-08
130,1172.714191773637,0.000996195484652138,1.3497809288555309e-10,114.17438994169778,0.0021356708385438564,5.51835028887929e-08,0.19279022007192845,1.8231221161370917e-07,9.211723349153031e-05,339.8262612565328,283.912875853689,39.47215496709014,0.0013881247172709717,1.8675473971776716e-09,13.793451355296094,2.554043297398546e-07,0.9841799677286905,1.4200804484657005e-07,1.6796658284383217e-08
131,185.7900320154658,0.0005151772870580803,6.264515794557457e-11,18.776929765232644,0.0005287390629556026,1.6596892649126927e-08,1.6999312394222352,8.071622909702202e-07,5.1638457081546985e-06,72.85534787896384,88.22418638025042,4.203711998326642,0.0003059243863929622,1.7542182685611633e-09,8.518300403877115,4.172473044829619e-06,2.6504072944597006,2.8648367571795725e-07,3.367210494401699e-09
132,64.35505935421293,0.005044384630047038,7.752243552536233e-11,5341.293677389961,0.00021193605849331447,2.7484046172094497e-07,0.025098018462932928,1.9113851345878775e-05,0.0004916267951959441,374.25519246313644,19.29419893685342,8.065912803699508,0.00046310134269041575,3.820445217666766e-09,5.057345931318974,1.645479442468913e-06,5.096146854005121,1.6872654631594678e-06,1.1523395376815327e-09
133,550.6532954125337,0.0011268641449513506,6.66298701806931e-11,445.08405149368735,8.170749198520335e-05,5.180559729488616e-08,0.023704491005229315,5.528295981579576e-06,0.0005400578686023996,246.11465969716514,179.06849724757328,3.550259308669388,0.01593523731745247,4.47816629690275e-09,3.8934453622961174,3.3025527817736914e-07,3.8837239140736495,1.1491174949682972e-06,1.2358556436670826e-07
134,243.58311323444232,0.017830490806475443,8.364795607458299e-10,12000.21252175808,1.3072206696684318e-05,2.1329848931955174e-08,0.07575007034167401,3.2331982865313033e-06,0.0001233048851827924,16.72357108992161,125.73148441138302,0.7855568556663299,0.0015842947900414964,3.3234083312505023e-09,7.992830143320835,1.1422850415927023e-06,12.255261728720244,1.3800330595114594e-07,5.487213730495493e-07
135,1062.0316506697106,0.0040747686408616375,2.850596572344758e-10,1500.3267866367337,0.0005127203540173988,4.367563333227739e-08,0.9403545550767872,5.961173008409119e-07,5.5819572383667e-05,133.6383656633613,30.1405928482607,8.454765041720934,0.00038475333938390167,3.308932590540754e-10,29.25068436656407,5.617988105499841e-07,0.5054597919762391,3.792324851866394e-08,3.737948819702515e-08
136,607.4700475990426,0.019032094174697447,2.996578573393579e-10,256.468425159102,0.004715068991709525,2.0245933784103792e-08,0.12976583741451844,3.513393545064834e-06,0.0001524525924997804,33.27116450643461,1.1285087801464666,5.051637805914631,0.007557919387682781,4.408253370660127e-09,164.003505427501,2.301093781113139e-06,5.455396341972239,9.964548668511435e-08,5.696154944528103e-08
137,377.30239158986785,0.002298124959123542,3.2943985110437295e-11,1654.9065930459747,6.123331657158075e-05,3.50912248602402e-08,0.02250449317255955,7.519257326968144e-06,0.0001494077813841213,134.43132735376938,43.315593261693785,0.3185426297692197,0.0013593974115129904,1.4219255152095086e-09,3.5168248278004186,9.149491096468041e-08,90.5018144519339,9.358887354892962e-08,3.121755733130293e-08
138,481.58725944343865,0.004711598757423626,3.116106641987764e-11,69.20268403243787,0.0003683272240007223,4.398565998278769e-09,0.08825149203290363,4.925395338289286e-06,0.0002843368625019411,144.44350091763766,24.822292482709933,36.42821169011814,0.0008145028968789069,1.708603130895788e-09,16.866392325781266,1.7866410755211755e-07,20.169145534817574,1.0454676603353516e-07,4.455202702924185e-09
139,9857.708673639685,0.0005110447483211221,2.8275812438692227e-11,207.04369623626442,0.00031416126893206865,2.944260697375385e-08,0.15373426868209514,2.1642306464925924e-06,0.0001699437595903599,10.354534777498213,70.9012418200766,1.2109994002255415,0.0008462470829822722,1.7493197562439958e-09,3.1204990463511493,3.7873142247797325e-07,3.666925672943854,2.8147524205084204e-06,7.832783762775635e-09
140,472.85993919368866,0.0022386621232309166,2.117120564579221e-11,1309.8966841151769,0.0005941967841644557,1.4825914252878e-08,0.07635078560922276,2.9875820581419814e-05,0.0026502733778759457,779.4143862201157,20.469316979744843,0.524594778863575,0.0006713516909052702,4.5356922176267965e-10,18.549295817451583,2.4348716950958796e-07,1.9599814203898236,2.934329051277451e-07,2.615026261612063e-09
141,334.8356899244136,0.0008270275176782056,1.3255034551512433e-10,39.85688767147873,0.00019169635738360274,3.560615783567042e-08,1.4879103911424925,4.080646810097309e-05,0.0008284442292141456,348.5294524389928,99.31674129346517,0.2978705062141789,0.00015731845272325077,2.591494846785748e-09,22.781151606971928,1.0005992694379323e-06,15.135819472132525,8.15775917511562e-07,8.594559465917366e-08
142,15383.818764567402,0.0005234802823826289,6.37272559093514e-10,86.692139725925,0.000370902068859238,2.593989296803134e-09,0.1443271963708598,5.571873365536154e-06,0.00048752980391569546,214.6299989631543,427.57225931275536,0.4474827108513696,0.0047188947914171666,3.1952509581513653e-09,27.84663973528578,1.4949514744441841e-06,11.173086385584043,5.39421831634235e-07,1.7109172290754914e-09
143,1139.1772533672201,0.00253495767082103,7.984728034761099e-11,14728.667719544666,0.0012287067967373091,3.669454314254241e-08,0.25010173711176886,3.8778737761148356e-05,8.473653298406726e-05,611.358979531103,61.05376402030886,1.2841642377173061,0.0019628014685372894,1.2768792549338227e-08,5.626405387978388,1.2856875127541577e-06,20.98865717629902,1.5896232772748125e-08,1.538100031868044e-07
144,436.6022251442634,0.09875630730575406,4.4995035930368915e-11,755.5837757256809,0.00010244905789602491,8.251993503846267e-08,0.023536332812450204,1.5124371947474302e-05,0.00015684299928966705,220.1942057693795,3.623013764564786,9.17232318878992,0.0017609133326975859,4.754128235037299e-10,72.75519813336159,1.8339325017522559e-06,1.1793724107678536,3.4630632876620933e-06,1.2903023227123388e-07
145,458.62801945158384,0.018314521068452005,9.846224095943521e-11,373.8448039840133,0.001645058156557319,7.214415545436644e-09,1.4530034610723304,3.991329167768974e-06,0.0003552367818164753,53.53245041085249,180.68970654249534,1.1825909311719498,0.001156947534318857,8.759149171409214e-09,132.84595558679018,9.25582074956535e-07,9.583391979759227,2.7518280763083246e-08,6.266872108676068e-09
146,184.1694858561824,0.0031150140115878268,6.993279949244468e-11,1120.6741395170466,0.0005832571547197192,1.3713836106908848e-08,1.4100332780613218,6.082095021568931e-06,2.986115976544741e-05,521.7671838470038,17.17388074532163,18.945663488109336,0.00020970723753326338,1.5087326297877155e-08,50.65228580728509,7.06863625725985e-07,1.816588231176649,1.5592587821475162e-07,7.79550212767771e-09
147,1601.665438178665,0.00825800476799412,1.894768271259727e-10,160.38941878059862,0.000119347783368601,5.923600201052687e-08,0.05474502420495172,4.609696344375307e-06,0.00039022518202217073,452.84626610243254,33.77543331858559,15.827168207347391,4.043674377124553e-05,4.335524918801402e-09,40.59539689928996,1.8107710082928358e-05,5.368642487109971,5.121665618440393e-07,9.17184394731655e-08
148,256.26086765097017,0.006957651322419176,6.490377926515569e-11,44.848663362498115,0.0001906394648107629,2.2295632221389397e-08,0.029679067867205366,1.8003692146706674e-06,0.0005713900569811693,423.1737762828814,81.97887844830342,0.9578943188445211,5.075644311319893e-05,2.812405933426449e-09,83.32795000351412,3.921093322169366e-07,2.926879395505392,3.2136407559019474e-07,5.9432496859778535e-08
149,45.54006123568994,0.03469320611310302,2.9744126265495175e-11,350.05645521023797,0.00036672429973634205,3.0324078670595612e-09,0.023097759483516497,2.323630271660817e-05,0.0013020815219523417,256.2523959525678,170.1298113032751,1.0311713323778509,7.38685738285968e-05,2.9613798039577094e-10,60.42820528367541,9.838777018482632e-06,0.22392341637616675,1.3547831843643142e-08,1.2009811219198677e-07
150,546.8203872063884,0.0006778630354028104,3.128452120592106e-11,290.6225951133007,0.0007973903273804182,4.1854470490425125e-08,0.053362919980022905,1.676290769432466e-05,0.0003949852950947336,81.06173003151822,236.35000182068052,34.92920080313578,0.001419312532468755,2.6409544911775144e-09,4.864914877680851,2.08754762999623e-06,77.01351798745641,3.427778847943994e-07,2.08004730310714e-08
151,4883.907985543184,0.00033112015681613626,3.870751518637427e-11,601.6153800421863,0.0018860504466368016,3.505149197004412e-08,0.13140933900773727,5.600375125011049e-06,1.6122631862101574e-05,142.0106069056112,2.129889994408657,1.4745513180716827,3.396398066724069e-05,8.064919203304844e-10,15.777734616816172,4.352147869942676e-06,1.2554611555875543,1.558004878222505e-06,2.1971071247666953e-08
152,3236.4571677617027,0.0027550809955349,1.0682161219580029e-10,1382.301819220854,0.002158991639497701,3.446079858319918e-08,0.05070077982715077,6.453457158756741e-06,7.476908791241154e-05,128.36551082867487,109.60157762467678,15.217162606505754,0.00029843462302118394,2.7931417285968624e-09,6.578529604807692,4.395006470644114e-07,9.10886328151488,4.3755838860182366e-08,4.767928579901532e-09
153,384.5209180110249,0.019480395340121564,8.973824598266816e-11,55.56106899775767,0.00039577119610404273,1.033322382976373e-08,0.2618648905102723,3.5862220957352588e-06,0.00022733340164750746,46.22426040420841,84.10844025841871,0.6333784121692073,8.736321551487775e-05,4.042770151481496e-09,15.275355459663283,3.7924324100590896e-07,4.265221471940595,1.0798353603045238e-06,7.278509354143925e-09
154,1500.0602089820015,0.008467892947675956,5.549117621178798e-11,14.975015904009629,0.00031287335458220157,4.350482269986202e-09,0.022512137943766084,3.394735447722759e-06,0.0007810998791909224,226.7621921595696,54.52962491828318,4.237420456233302,0.0008391867707728905,2.414285209143519e-09,88.97970831560062,7.488394623497629e-07,105.88951755826834,1.9566402490502371e-07,1.3371143614785616e-08
155,42.796733602400224,0.0009096956424380149,1.7001289935819678e-10,290.80533780567424,0.0007771588871942637,2.217090481051297e-09,0.04674738886147893,1.39079496354474e-06,0.00024066788223271935,258.27372023266446,4.807131091773488,21.91771786572131,0.0006669951410207518,1.9319147722277372e-08,23.98352884573845,2.7050015159566547e-06,34.09156147511056,7.150659826889339e-08,5.229729868150351e-09
156,140.33862264532056,0.010510895931724098,1.4244999612805405e-10,1584.5714632645743,0.007076360411352172,9.676807059610607e-08,0.5106901648689184,1.0374292526221348e-05,0.001605252218378457,25.966726934927284,921.6390561327436,0.1145868242852493,0.0001603719660949789,3.208100136281902e-10,5.659683786069415,8.539061791867372e-07,1.0101319198811372,3.6802172501774454e-07,9.070467979753255e-10
157,2529.465059009043,0.0039343822172565705,9.346347800018158e-10,206.6049350832792,0.0037927554077232897,1.1554265656599675e-08,0.11655762248017483,6.348774013203756e-05,0.007622586107358115,404.73569986721037,101.17132689323097,5.270435269854276,0.0003392908632210798,1.9552411006067203e-09,292.5658651552491,1.2978824008409265e-06,101.22206001648843,9.119014908137691e-07,9.078449296852612e-09
158,351.7800639631624,0.03551814362953418,2.43713195318261e-10,172.1895710134125,0.0009092543280487073,6.23240023787024e-08,0.020325960120325254,0.0002238243924498976,0.0006166432561910228,131.74911863168202,7.592368046941834,3.2862613164642944,8.525689221337437e-05,9.49874675560956e-09,283.20759790926195,3.2875132194028633e-06,1.743812095412741,3.4456977640489456e-07,2.1494336671918635e-08
159,2490.927631725384,0.0027252081149248025,4.175588934323903e-11,94.71961997573828,0.0008690962631953567,1.1671738987024164e-07,0.13301810105147388,3.0895932525167465e-05,9.530230468571286e-05,173.04094078958317,44.962034368187666,0.5671096328035586,0.0009991034350726106,2.1190526778051565e-09,14.513832026898923,1.332639797219375e-07,16.55634021162812,1.1012957450227332e-06,2.8264136017120594e-09
160,144.0225789975991,0.005903381503260177,1.1547726718469582e-12,31.99225203968204,4.8469137185458705e-05,6.317383274897935e-09,0.03723468849783152,5.8905924538082633e-05,0.0004782337910260496,103.80161697690106,68.91728105828376,6.185245994632057,0.0003042632925228737,1.9173819680800598e-09,24.83455277322439,7.900267593421875e-06,56.33377264698459,1.0273943711802284e-06,5.234894804220714e-08
161,331.00255503091614,0.0056867012413659825,7.534928408308055e-10,483.9427426458471,0.0018147482490263383,2.6221008840885206e-09,0.12474220703438445,3.2616638085152255e-05,0.0020823514749190647,234.6454512808285,9.346512134208933,3.2183834323701443,0.00017299845442874938,1.0122992698878447e-08,43.61711247855819,2.4475269530660924e-06,7.507230751518128,1.3122662443064589e-08,1.4887930334055238e-08
162,55.243740075116186,0.003620020510097522,2.399935556133005e-10,51.97231732733609,0.0002987085365997639,2.735046367208492e-08,0.11949446696529484,3.427560026780322e-06,0.0013879467826211393,77.40934197681912,30.07188860724853,0.6034510503077221,0.00031016326229145756,7.956936291443625e-09,6.978565268461881,7.787154518315605e-07,50.18392091006652,1.7795607878947955e-06,2.182402378758278e-08
163,3214.6111165514253,0.00028516925006921967,2.8972209836307484e-11,519.4803901335976,0.00023674328417400923,1.6223073699163854e-08,0.30369886835946114,2.6966145118875414e-06,3.656592771222441e-05,14.819107691825353,175.14942611289106,0.6766164091676607,0.00010101885023427307,1.1298892442926403e-08,19.235714410244555,6.912634918767952e-07,7.8245177592081925,4.0210650856664337e-07,7.863331234581103e-09
164,59.056129123451015,0.003142275977464581,1.6797364561840032e-10,169.95119538846623,0.00017789787110595952,2.503595682500391e-08,0.14223218268755838,4.415572996614479e-05,0.00032307599456190465,191.6787633183107,172.99210251313275,4.587559699578604,0.0007542255242636095,3.6217223626064907e-09,41.95596150884942,3.295682228802774e-06,35.51861518799029,5.834613790339412e-07,2.2539393565405683e-08
165,545.9544339397241,0.00034471895221136666,6.426739499938218e-11,112.22475116033053,8.293907186985817e-05,4.332568639388287e-08,0.13469143988087667,9.39430119539854e-06,0.0002623063209877706,14000.136301205823,287.8669668558875,1.6573682082214134,0.0032179257629915635,7.804869810905719e-09,20.14002972037298,2.047155584827302e-06,0.26062735319819097,4.94632068426621e-08,3.937463580131296e-09
166,39.709540888590595,0.0006395947188827576,3.2263615200002126e-11,431.4007956927289,0.0007331249718457243,1.9888859792938678e-07,0.054492816519234,2.759620363025261e-06,0.00014748389388676881,181.94528427385492,189.1817984890098,0.4715408919383776,9.45645762906083e-05,1.5992497213232256e-09,13.352975264515154,7.740829214547125e-06,82.43945275532973,3.095779728084041e-07,2.6255246537591494e-08
167,161.19193528016416,0.0045188604962075815,1.5450797796404678e-10,1183.2966560815066,0.0003602392015549943,1.6730036106112005e-07,0.19787793162289444,1.6746018372537736e-05,9.60097094149752e-05,1764.7585998371917,109.8975728915313,0.750639558836605,0.0001867804642994682,3.2708305367207338e-09,43.74834209418644,1.3484453887524233e-05,13.80757679572305,2.8898392334189127e-07,2.4896420014124183e-08
168,2987.0213520400653,0.0068710810219615595,1.0412710095806788e-09,21.852097111668755,0.0010405953491461816,1.315120741434635e-08,0.07832977437161202,4.5967400252351535e-06,0.00028185406340603585,2834.57497213961,19.43384819931849,7.299053041514567,0.00019604842880015968,4.743609600155339e-09,14.167623738174319,1.6075354261496818e-06,12.804823328284881,1.8965397741760917e-07,1.3439486937907994e-08
169,674.917191337485,0.0001887877823700303,3.828437899693651e-11,209.92655244423622,0.00015742984523157817,2.3422191253310963e-09,0.09054735148802429,6.8263896442622724e-06,0.0004979746950708887,788.4463926299759,15.074036259588015,8.815667009094918,0.0008879668834391559,4.950707423620649e-10,16.18952899862245,1.8048022631946942e-06,26.080862260351196,2.1713026525552506e-07,1.1088484836111154e-08
170,262.114835870027,0.014866777886600846,4.426646350207511e-11,204.63972628286518,0.0004498637737202312,3.6296128320017416e-08,0.07050433714672573,1.0307274145331632e-05,0.0014453838991391247,45.415717916967054,310.3380741524579,1.6922892648699421,0.0002545730622118208,1.1977655273549537e-10,39.34276762667181,9.764854025432336e-08,5.870783649467269,2.5064105732104936e-06,7.065922855918957e-08
171,4307.584655138821,0.018389410443981728,1.04204637897884e-11,2504.768762277655,0.0001059007146980755,2.960332608292245e-08,0.020671472032786114,6.162636744640332e-07,0.0001845135545825234,483.53514586376036,34.79898772201667,18.098603029147913,0.001812958743706236,2.578524742961913e-09,54.30269655691211,4.844281864836349e-07,3.3474462385354897,2.594266430039282e-07,9.159270275734656e-09
172,1736.2385424746694,0.0005961484782663052,1.4447411717096593e-11,350.95596950458446,0.001710628581043545,1.9395213029464863e-08,0.725521915926978,4.679122558461035e-05,0.00011420265652088331,2132.650653641562,108.92019978486138,2.6052617321738167,0.0003419435155514574,1.2714639753606597e-09,113.0705573521369,2.3513721510474948e-06,25.970325461131132,3.0093497739809885e-08,8.622806064393945e-08
173,130.34064132670042,0.020001489273938817,2.3496163057329206e-10,824.4783198178628,0.00039029138442154675,7.38437160179229e-08,0.13334589990357354,1.4065557113483048e-06,2.503453599393143e-05,11.62620330492825,102.43448987029747,0.17058581910273302,0.014848443396646465,3.21643822365724e-09,50.903604195813706,4.0531665757006665e-06,2.432062862341649,7.107322412197072e-08,1.2422148926179638e-08
174,502.3844845404323,0.0017509874064737438,3.809310169283228e-11,355.16553304292194,0.001148255734903647,1.5538563516770828e-08,0.09160761648835118,2.6192456431783986e-05,0.00012186352411432946,566.2751343359231,173.58956095604552,3.5416907365046315,0.0004500176869190478,8.378305914031498e-10,29.456132047142162,2.128475391181264e-05,6.374938775124872,4.731348657483765e-07,3.1102498703261025e-08
175,163.81050270449464,0.0035966620012704772,7.149913925468698e-12,104.82865531165577,0.0035038958038185073,1.3521137994539212e-08,0.023125102748289633,3.0773670500901375e-06,8.555556253073524e-05,93.89996184189802,1259.8944276362922,2.9927984097254976,0.00019766400494031997,2.9017134877642714e-09,13.45865108116963,5.987091959057707e-07,19.26979664826382,1.57112904520984e-07,4.539977155880448e-09
176,43.98211800861278,0.001407397087764981,6.166873949839771e-12,11.095048931640516,1.5445488044565314e-05,9.448621847133204e-09,0.39900402025598336,5.66774023380363e-05,5.781725245750047e-05,615.8397703356333,16.0030411361198,7.266580496460451,0.0007854908263606996,1.711726202214329e-08,34.242543244139185,2.2715945663380092e-07,0.8822121116013777,6.887000087600449e-07,1.11357234973145e-08
177,116.44871259504512,0.0015237171399387814,8.035059835127735e-12,34.195424435793655,0.002303535796894183,1.6830475227896387e-08,0.44055134392476086,1.0087922441572418e-05,0.0004303924199434139,432.6464839119118,337.82671110644435,0.18490421840266064,0.0025826405207034584,1.0272586840869285e-09,247.73597613165188,3.7003999642762823e-06,3.921638716479385,1.4279771253515414e-08,5.54747961857421e-08
178,140.56592463112608,0.0015769123189906954,8.326175549052233e-11,2913.264649977609,1.3870739781600173e-05,1.821813465347353e-08,0.039033562188742627,5.970631423830076e-07,0.00019253805606089992,108.37766260369158,39.32619828416452,2.967521969031182,0.003855001217977687,5.530397085722414e-09,19.796153821273514,5.558016008960429e-07,378.83604353218243,2.7519414391859814e-07,2.6701401590708278e-08
179,497.006647803086,0.0067603096982541515,2.846458334509703e-10,349.7421500845791,0.01507452435425452,5.5231767063553606e-08,0.014890176757548704,4.185840056074091e-05,6.837295108745665e-05,167.1941396990015,14.482816424531324,1.394978921490523,0.0006584556477512559,1.025133677863151e-10,13.830436094527698,4.454888978306901e-07,62.32199043838529,8.751852819432869e-07,4.134237015656918e-07
180,1170.1104831741102,0.0029077531071782627,1.1330182576799708e-11,80.22182763486013,0.000223900951883249,4.682807813418032e-08,0.09298959847831285,6.820117002874546e-05,4.561891053660267e-05,38.14012594412359,282.4824869386965,2.436608046597477,0.00027535951150168923,4.641767266342853e-09,59.973793235011904,4.442008088087406e-07,40.57683920586519,3.582664419609013e-07,3.860375366595246e-09
181,723.8725636372063,0.014019733092772043,2.9505096979260303e-10,1863.699617529736,0.00015034337733778468,9.780089531587758e-08,0.2773099379143631,2.5064772910383122e-05,0.0008026478786629343,47.21349033957899,43.50848017952634,0.22078076833491936,0.0002709348665238803,3.500439455793305e-10,143.46523781300925,1.7302157157831913e-07,39.837216056533464,1.8027521620634994e-07,1.7928674565925501e-09
182,764.8511526891683,0.0028658323785394173,1.8329010850045063e-10,69.0885941188594,0.001111641266660678,3.638864065224948e-08,0.011754386171936415,1.4579319708596386e-05,0.00068384030918638,350.415649214959,73.68910776169942,0.5139770890251476,0.00020602956993067515,2.2559678280408927e-09,2427.5165472344706,5.398093402439787e-06,0.8709250726326839,3.658213354634153e-06,2.106087523683069e-08
183,1229.8580211440799,0.0004232186428007623,3.606758095021393e-11,243.56514026838676,0.00021818349307217597,5.3454829121836994e-08,0.4832633192506615,3.495521724481213e-06,0.00014568068328720622,144.33584944510318,13.608831342968081,0.9202443941319755,0.000283468466031897,9.847405493075023e-11,3.148633787723689,1.0876599789868131e-06,3.902664145576931,9.457433663953697e-09,4.867536767689186e-09
184,264.73470495597235,0.002280931594895195,1.0135996383211234e-10,2996.06847267198,2.113409415925037e-05,6.372161815051698e-08,0.1268297450868816,6.258276473084158e-06,9.848326602807161e-05,325.2772646858378,1526.722993092371,0.951859259651978,8.87451005235672e-05,1.4818178527485667e-10,6.4016367845884075,2.067363466455342e-06,55.149237915470614,2.4788492349471005e-08,5.5982098964777365e-08
185,589.7769066320706,0.0015709658864212935,1.1309658346192225e-11,622.4315095575382,0.00024771075017334006,4.309211427855204e-07,0.013225267068591527,0.00014218294947362023,0.00013135587813012695,237.72247435914764,96.92418033428527,8.515047434887519,0.0001462797643029534,1.4783822353323743e-09,8.057977050600055,2.847609435840155e-06,56.53966193403134,2.2216482839454455e-07,1.2863459315883294e-08
186,1458.8570737683413,0.0005228850253626644,1.2045885874267178e-09,148.8013990950138,0.00027217311122525704,2.1885036346010175e-09,0.19677760426295424,2.500311510858078e-05,0.0012319802733055875,302.39144040015634,42.4713449714783,5.8996801138173085,0.0005708628098783613,8.207215543079281e-10,13.207896589370586,6.903994415226012e-07,55.87303856298736,4.6852031280053844e-07,2.3457683504971833e-09
187,1499.8234407604864,0.00979685584581064,3.9971473291843944e-10,490.63092595062693,0.0029710679917537884,1.2482604851735121e-08,0.01675189264063437,1.4911168144911736e-05,0.0003794349822574299,95.5550824337208,45.51110877904926,8.337305870037653,0.0005059042785743367,2.7077803620635266e-10,8.363992460659894,4.73728623507906e-06,62.11756025723619,3.5005747263225407e-07,1.3258050239776133e-07
188,268.69864372632526,0.003834201762836657,1.1558000343101896e-11,69.27050977667975,0.0003358664545951071,4.879610363262945e-08,0.042441082427445584,2.4802136163201286e-05,0.0029822605171510932,103.08327597447882,2.9501895618388163,0.6986612500263335,0.0004674303915795885,2.521950179133029e-09,23.065048026699035,1.7420333662040857e-06,8.368051744845936,2.4636960694560182e-06,1.1612483900623724e-08
189,1208.8472200052238,0.003652701208595777,1.1479571271937427e-10,97.74513611642567,0.0007805403097765061,4.253485546985891e-09,0.20387902774980649,3.878234115109616e-05,3.828334223671192e-05,2866.1196218367318,887.1803535670826,5.384583249559091,0.0016740562933329937,1.723205324273003e-09,181.4089643999071,4.002775713223192e-06,11.91514007937869,2.7652372201765856e-07,6.344020713751902e-09
190,2411.3737661422356,0.009963501625102355,8.244414511388781e-11,246.14622913984562,0.00010104372723394213,9.333765557400115e-10,0.0228692419111132,4.090493563323746e-07,0.002669140850856374,308.2095607151479,14.353325280913111,20.33751821859091,0.0002750939771429569,1.972343549506582e-09,11.206646951285526,1.788381165858927e-07,2.592016449490796,2.8036077739728346e-07,6.320978030545291e-08
191,303.48379138521136,0.0005475477769662646,2.6779229835572025e-11,322.2669448773364,0.000933418744896189,1.662171146518449e-08,0.036859046360008835,4.64657224868069e-06,1.4460026967651706e-05,58.62953851333237,11.828876598538892,1.7099015825865034,0.003045591984240419,9.038836606324086e-10,12.475266914319887,1.4708464448442747e-06,0.44863837859836436,6.01320556448312e-08,1.0197508004821515e-08
192,388.619947643297,0.014550518763667994,8.40710699341047e-11,1008.5135687951803,8.45312115064166e-05,2.3670928499293303e-08,0.1145938190763333,1.961921617848511e-05,4.05602071975035e-05,1925.830520588739,361.5787435636553,15.908238525433397,0.0002307384513036098,1.0848446944934216e-09,13.05182630720755,1.6140624564053196e-06,14.299601217904094,4.7542169179928686e-07,2.724724027853743e-08
193,696.0266347652725,0.005055655404730035,3.287218890840974e-10,2492.0750142345855,0.00373939686202025,8.688844339642839e-09,0.027110302857411648,4.9024897106432384e-05,0.00032538474072635315,912.7560359045764,48.87012529201244,18.387370302950306,0.0005788497686020857,5.377166297393535e-09,16.626192625973086,1.0086590456981983e-05,0.7026922661045347,2.1645592693942096e-07,1.064590964179769e-09
194,2019.9467099102112,0.0031738184593369315,1.6553589313834056e-12,97.13517093465678,0.0010122922178465766,1.961349870399848e-08,0.04580149428939202,2.2614582091994896e-05,2.1860201500678533e-05,4.364008679447898,20.534568899418456,2.975397350190512,0.0003321135358159968,1.5499059475635956e-09,14.388257869352058,4.826892459689028e-07,0.35190375315158495,2.2602841377311324e-07,7.22291661569073e-08
195,241.150511395691,0.0278634913620678,4.359677042203436e-11,172.4874470543469,0.0001413237176183761,1.8253303390746014e-09,1.2704555420972619,1.6406125503577545e-06,0.0027177405136245285,61.14407964512909,5.6850713325166184,2.535358112058005,0.00042750145848475184,1.6242205971354167e-09,115.11535468465657,1.957784854163826e-06,14.469345880355988,6.672364488537436e-08,3.0576747196942093e-09
196,107.45652299450295,0.0017762239017645577,5.0211112904330723e-11,429.1761441685221,0.00023382660536749877,1.7259183024366177e-07,0.573093545384712,7.5666006321640375e-06,0.00024915305361745385,70.02601695366045,395.4955961960756,3.5782042401563436,0.0001933699558972845,3.9359743626650013e-10,36.17004206763391,1.5041317278727367e-06,1.684093742088884,5.426083464709493e-07,3.0702287867524906e-08
197,7270.232619757102,0.002254733221495141,1.5807822487273944e-10,2329.568487606909,0.0009117048685836045,3.371065615878249e-08,0.06506652089606184,2.3504289341786557e-05,9.787216159758079e-05,178.93165373032284,4.125518719161082,2.2061075669440475,0.0005165256204501841,9.001534937497533e-10,28.19557500491048,4.28989437669452e-07,174.5096327180992,6.043919233775703e-09,1.6847392076075246e-08
198,761.7996118398562,0.0012084429066031698,2.1765049357414732e-10,4456.595237815886,0.00027352509155173174,7.249394126063982e-08,1.4103513474961014,2.025170331382413e-06,0.0002693076214817322,49.49556460139333,144.23250155014358,4.253840430657072,0.00027701928714670153,7.195411090235759e-10,15.795852876022858,6.154391902128457e-07,1.2850574112536095,2.558220171752944e-06,2.618571178602845e-08
199,169.13891007629744,0.0013994205160835912,9.193830753540379e-11,6.025542940078015,0.00034566939759976333,1.7933392031791994e-08,0.03700651609757763,2.0614682209213298e-05,0.0001487477475740756,2172.676495214138,191.98107099035113,0.7082755648472463,7.877737146657692e-05,5.128835067147676e-10,21.184107833483857,1.4084824126120473e-05,4.848212498862573,3.3780645258341164e-06,1.187082579235863e-08
